[new]
python -m pytest -q --junitxml /logs/verifier/new.xml testing/test_deselection_diagnostics.py 
FFFFFFFFFFFFFFFFFFFFFFFFFFFFFFFFFFFFFFFFFFFFFFFFFFFFFFFFFFFFFFFFFFFFFFFF [ 35%]
FFFFFFFFFFFFFFFFFFFFFFFFFFFFFFFFFFFFFFFFFFFFFFFFFFFFFFFFFFFFFFFFFFFFFFFF [ 70%]
FFFFFFFFFFFFFFFFFFFFFFFFFFFFFFFFFFFFFFFFFFFFFFFFFFFFFFFFFFFFF            [100%]
=================================== FAILURES ===================================
___________________ test_explain_deselections_k_and_deselect ___________________

pytester = <Pytester PosixPath('/tmp/pytest-of-root/pytest-2/test_explain_deselections_k_and_deselect0')>

    def test_explain_deselections_k_and_deselect(pytester):
        pytester.makepyfile(
            test_a="""
            def test_one():
                assert True
    
            def test_one_extra():
                assert True
    
            def test_two():
                assert True
            """
        )
        result = _run_explain(
            pytester,
            "-q",
            "-k",
            "one",
            "--deselect",
            "test_a.py::test_one_extra",
        )
>       assert result.ret == 0
E       assert <ExitCode.USAGE_ERROR: 4> == 0
E        +  where <ExitCode.USAGE_ERROR: 4> = <RunResult ret=4 len(stdout.lines)=0 len(stderr.lines)=5 duration=0.01s>.ret

/app/testing/test_deselection_diagnostics.py:50: AssertionError
----------------------------- Captured stderr call -----------------------------
ERROR: usage: __main__.py [options] [file_or_dir] [file_or_dir] [...]
__main__.py: error: unrecognized arguments: --explain-deselections
  inifile: None
  rootdir: /tmp/pytest-of-root/pytest-2/test_explain_deselections_k_and_deselect0

_____________ test_explain_deselections_deselect_multiple_prefixes _____________

pytester = <Pytester PosixPath('/tmp/pytest-of-root/pytest-2/test_explain_deselections_deselect_multiple_prefixes0')>

    def test_explain_deselections_deselect_multiple_prefixes(pytester):
        pytester.makepyfile(
            test_multi="""
            class TestX:
                def test_one(self):
                    assert True
    
                def test_two(self):
                    assert True
    
            def test_three():
                assert True
            """
        )
        result = _run_explain(
            pytester,
            "-q",
            "--deselect",
            "test_multi.py::TestX::test_one",
            "--deselect",
            "test_multi.py::TestX::test_two",
        )
>       assert result.ret == 0
E       assert <ExitCode.USAGE_ERROR: 4> == 0
E        +  where <ExitCode.USAGE_ERROR: 4> = <RunResult ret=4 len(stdout.lines)=0 len(stderr.lines)=5 duration=0.01s>.ret

/app/testing/test_deselection_diagnostics.py:79: AssertionError
----------------------------- Captured stderr call -----------------------------
ERROR: usage: __main__.py [options] [file_or_dir] [file_or_dir] [...]
__main__.py: error: unrecognized arguments: --explain-deselections
  inifile: None
  rootdir: /tmp/pytest-of-root/pytest-2/test_explain_deselections_deselect_multiple_prefixes0

_____ test_explain_deselections_overlapping_deselect_prefixes_counted_once _____

pytester = <Pytester PosixPath('/tmp/pytest-of-root/pytest-2/test_explain_deselections_overlapping_deselect_prefixes_counted_once0')>

    def test_explain_deselections_overlapping_deselect_prefixes_counted_once(pytester):
        pytester.makepyfile(
            test_overlap="""
            class TestX:
                def test_one(self):
                    assert True
    
            def test_keep():
                assert True
            """
        )
        out = pytester.path / "overlap.json"
        result = pytester.runpytest(
            "--explain-deselections",
            "--explain-deselections-format",
            "json",
            "--explain-deselections-output",
            str(out),
            "-q",
            "--deselect",
            "test_overlap.py::TestX",
            "--deselect",
            "test_overlap.py::TestX::test_one",
        )
>       assert result.ret == 0
E       assert <ExitCode.USAGE_ERROR: 4> == 0
E        +  where <ExitCode.USAGE_ERROR: 4> = <RunResult ret=4 len(stdout.lines)=0 len(stderr.lines)=5 duration=0.01s>.ret

/app/testing/test_deselection_diagnostics.py:114: AssertionError
----------------------------- Captured stderr call -----------------------------
ERROR: usage: __main__.py [options] [file_or_dir] [file_or_dir] [...]
__main__.py: error: unrecognized arguments: --explain-deselections --explain-deselections-format --explain-deselections-output
  inifile: None
  rootdir: /tmp/pytest-of-root/pytest-2/test_explain_deselections_overlapping_deselect_prefixes_counted_once0

_________ test_explain_deselections_cross_selector_overlap_precedence __________

pytester = <Pytester PosixPath('/tmp/pytest-of-root/pytest-2/test_explain_deselections_cross_selector_overlap_precedence0')>

    def test_explain_deselections_cross_selector_overlap_precedence(pytester):
        pytester.makepyfile(
            test_xsel="""
            import pytest
    
            def test_keep():
                assert True
    
            def test_drop_k():
                assert True
    
            @pytest.mark.slow
            def test_drop_both():
                assert True
    
            @pytest.mark.slow
            def test_keep_slow():
                assert True
            """
        )
        out = pytester.path / "xsel.json"
        result = pytester.runpytest(
            "--explain-deselections",
            "--explain-deselections-format",
            "json",
            "--explain-deselections-output",
            str(out),
            "-q",
            "-k",
            "keep",
            "-m",
            "not slow",
        )
>       data = json.loads(out.read_text(encoding="utf-8"))
                          ^^^^^^^^^^^^^^^^^^^^^^^^^^^^^^^

/app/testing/test_deselection_diagnostics.py:155: 
_ _ _ _ _ _ _ _ _ _ _ _ _ _ _ _ _ _ _ _ _ _ _ _ _ _ _ _ _ _ _ _ _ _ _ _ _ _ _ _ 
/usr/local/lib/python3.12/pathlib.py:1027: in read_text
    with self.open(mode='r', encoding=encoding, errors=errors) as f:
         ^^^^^^^^^^^^^^^^^^^^^^^^^^^^^^^^^^^^^^^^^^^^^^^^^^^^^
_ _ _ _ _ _ _ _ _ _ _ _ _ _ _ _ _ _ _ _ _ _ _ _ _ _ _ _ _ _ _ _ _ _ _ _ _ _ _ _ 

self = PosixPath('/tmp/pytest-of-root/pytest-2/test_explain_deselections_cross_selector_overlap_precedence0/xsel.json')
mode = 'r', buffering = -1, encoding = 'utf-8', errors = None, newline = None

    def open(self, mode='r', buffering=-1, encoding=None,
             errors=None, newline=None):
        """
        Open the file pointed to by this path and return a file object, as
        the built-in open() function does.
        """
        if "b" not in mode:
            encoding = io.text_encoding(encoding)
>       return io.open(self, mode, buffering, encoding, errors, newline)
               ^^^^^^^^^^^^^^^^^^^^^^^^^^^^^^^^^^^^^^^^^^^^^^^^^^^^^^^^^
E       FileNotFoundError: [Errno 2] No such file or directory: '/tmp/pytest-of-root/pytest-2/test_explain_deselections_cross_selector_overlap_precedence0/xsel.json'

/usr/local/lib/python3.12/pathlib.py:1013: FileNotFoundError
----------------------------- Captured stderr call -----------------------------
ERROR: usage: __main__.py [options] [file_or_dir] [file_or_dir] [...]
__main__.py: error: unrecognized arguments: --explain-deselections --explain-deselections-format --explain-deselections-output
  inifile: None
  rootdir: /tmp/pytest-of-root/pytest-2/test_explain_deselections_cross_selector_overlap_precedence0

__________ test_explain_deselections_deselect_takes_precedence_over_k __________

pytester = <Pytester PosixPath('/tmp/pytest-of-root/pytest-2/test_explain_deselections_deselect_takes_precedence_over_k0')>

    def test_explain_deselections_deselect_takes_precedence_over_k(pytester):
        pytester.makepyfile(
            test_prec_k="""
            def test_keep():
                assert True
    
            def test_drop():
                assert True
            """
        )
        out = pytester.path / "prec_k.json"
        result = pytester.runpytest(
            "--explain-deselections",
            "--explain-deselections-format",
            "json",
            "--explain-deselections-output",
            str(out),
            "-q",
            "-k",
            "keep",
            "--deselect",
            "test_prec_k.py::test_drop",
        )
>       assert result.ret == 0
E       assert <ExitCode.USAGE_ERROR: 4> == 0
E        +  where <ExitCode.USAGE_ERROR: 4> = <RunResult ret=4 len(stdout.lines)=0 len(stderr.lines)=5 duration=0.01s>.ret

/app/testing/test_deselection_diagnostics.py:185: AssertionError
----------------------------- Captured stderr call -----------------------------
ERROR: usage: __main__.py [options] [file_or_dir] [file_or_dir] [...]
__main__.py: error: unrecognized arguments: --explain-deselections --explain-deselections-format --explain-deselections-output
  inifile: None
  rootdir: /tmp/pytest-of-root/pytest-2/test_explain_deselections_deselect_takes_precedence_over_k0

__________ test_explain_deselections_deselect_takes_precedence_over_m __________

pytester = <Pytester PosixPath('/tmp/pytest-of-root/pytest-2/test_explain_deselections_deselect_takes_precedence_over_m0')>

    def test_explain_deselections_deselect_takes_precedence_over_m(pytester):
        pytester.makepyfile(
            test_prec_m="""
            import pytest
    
            @pytest.mark.slow
            def test_drop():
                assert True
    
            def test_keep():
                assert True
            """
        )
        out = pytester.path / "prec_m.json"
        result = pytester.runpytest(
            "--explain-deselections",
            "--explain-deselections-format",
            "json",
            "--explain-deselections-output",
            str(out),
            "-q",
            "-m",
            "not slow",
            "--deselect",
            "test_prec_m.py::test_drop",
        )
>       assert result.ret == 0
E       assert <ExitCode.USAGE_ERROR: 4> == 0
E        +  where <ExitCode.USAGE_ERROR: 4> = <RunResult ret=4 len(stdout.lines)=0 len(stderr.lines)=5 duration=0.01s>.ret

/app/testing/test_deselection_diagnostics.py:219: AssertionError
----------------------------- Captured stderr call -----------------------------
ERROR: usage: __main__.py [options] [file_or_dir] [file_or_dir] [...]
__main__.py: error: unrecognized arguments: --explain-deselections --explain-deselections-format --explain-deselections-output
  inifile: None
  rootdir: /tmp/pytest-of-root/pytest-2/test_explain_deselections_deselect_takes_precedence_over_m0

_______________________ test_explain_deselections_marker _______________________

pytester = <Pytester PosixPath('/tmp/pytest-of-root/pytest-2/test_explain_deselections_marker0')>

    def test_explain_deselections_marker(pytester):
        pytester.makepyfile(
            test_b="""
            import pytest
    
            @pytest.mark.fast
            def test_fast():
                assert True
    
            def test_slow():
                assert True
            """
        )
        result = _run_explain(pytester, "-q", "-m", "fast")
>       assert result.ret == 0
E       assert <ExitCode.USAGE_ERROR: 4> == 0
E        +  where <ExitCode.USAGE_ERROR: 4> = <RunResult ret=4 len(stdout.lines)=0 len(stderr.lines)=5 duration=0.01s>.ret

/app/testing/test_deselection_diagnostics.py:241: AssertionError
----------------------------- Captured stderr call -----------------------------
ERROR: usage: __main__.py [options] [file_or_dir] [file_or_dir] [...]
__main__.py: error: unrecognized arguments: --explain-deselections
  inifile: None
  rootdir: /tmp/pytest-of-root/pytest-2/test_explain_deselections_marker0

___________________ test_explain_deselections_marker_with_k ____________________

pytester = <Pytester PosixPath('/tmp/pytest-of-root/pytest-2/test_explain_deselections_marker_with_k0')>

    def test_explain_deselections_marker_with_k(pytester):
        pytester.makepyfile(
            test_mix="""
            import pytest
    
            @pytest.mark.fast
            def test_keep_fast():
                assert True
    
            @pytest.mark.fast
            def test_drop_fast():
                assert True
    
            def test_keep_slow():
                assert True
            """
        )
        result = _run_explain(pytester, "-q", "-k", "keep", "-m", "fast")
>       assert result.ret == 0
E       assert <ExitCode.USAGE_ERROR: 4> == 0
E        +  where <ExitCode.USAGE_ERROR: 4> = <RunResult ret=4 len(stdout.lines)=0 len(stderr.lines)=5 duration=0.01s>.ret

/app/testing/test_deselection_diagnostics.py:263: AssertionError
----------------------------- Captured stderr call -----------------------------
ERROR: usage: __main__.py [options] [file_or_dir] [file_or_dir] [...]
__main__.py: error: unrecognized arguments: --explain-deselections
  inifile: None
  rootdir: /tmp/pytest-of-root/pytest-2/test_explain_deselections_marker_with_k0

___________________ test_explain_deselections_all_deselected ___________________

pytester = <Pytester PosixPath('/tmp/pytest-of-root/pytest-2/test_explain_deselections_all_deselected0')>

    def test_explain_deselections_all_deselected(pytester):
        pytester.makepyfile(
            test_all="""
            def test_x():
                assert True
            """
        )
        result = _run_explain(pytester, "-q", "-k", "doesnotmatch")
>       assert result.ret == 5
E       assert <ExitCode.USAGE_ERROR: 4> == 5
E        +  where <ExitCode.USAGE_ERROR: 4> = <RunResult ret=4 len(stdout.lines)=0 len(stderr.lines)=5 duration=0.01s>.ret

/app/testing/test_deselection_diagnostics.py:276: AssertionError
----------------------------- Captured stderr call -----------------------------
ERROR: usage: __main__.py [options] [file_or_dir] [file_or_dir] [...]
__main__.py: error: unrecognized arguments: --explain-deselections
  inifile: None
  rootdir: /tmp/pytest-of-root/pytest-2/test_explain_deselections_all_deselected0

___________________ test_explain_deselections_off_by_default ___________________

pytester = <Pytester PosixPath('/tmp/pytest-of-root/pytest-2/test_explain_deselections_off_by_default0')>

    def test_explain_deselections_off_by_default(pytester):
        pytester.makepyfile(
            test_c="""
            def test_x():
                assert True
    
            def test_y():
                assert True
            """
        )
        result = pytester.runpytest("-k", "x", "-q")
        assert result.ret == 0
        _assert_not_has_line(result, "deselected by -k")
>       assert "--explain-deselections" in pytester.runpytest("--help").stdout.str()
E       assert '--explain-deselections' in "usage: __main__.py [options] [file_or_dir] [file_or_dir] [...]\n\npositional arguments:\n  file_or_dir\n\ngeneral:\n ...o specified file_or_dir or current dir if not specified; fixtures with leading '_' are only shown with the '-v' option"
E        +  where "usage: __main__.py [options] [file_or_dir] [file_or_dir] [...]\n\npositional arguments:\n  file_or_dir\n\ngeneral:\n ...o specified file_or_dir or current dir if not specified; fixtures with leading '_' are only shown with the '-v' option" = str()
E        +    where str = <_pytest.pytester.LineMatcher object at 0x7effc18d4cb0>.str
E        +      where <_pytest.pytester.LineMatcher object at 0x7effc18d4cb0> = <RunResult ret=0 len(stdout.lines)=355 len(stderr.lines)=0 duration=0.01s>.stdout
E        +        where <RunResult ret=0 len(stdout.lines)=355 len(stderr.lines)=0 duration=0.01s> = runpytest('--help')
E        +          where runpytest = <Pytester PosixPath('/tmp/pytest-of-root/pytest-2/test_explain_deselections_off_by_default0')>.runpytest

/app/testing/test_deselection_diagnostics.py:293: AssertionError
----------------------------- Captured stdout call -----------------------------
.                                                                        [100%]
1 passed, 1 deselected in 0.00s
usage: __main__.py [options] [file_or_dir] [file_or_dir] [...]

positional arguments:
  file_or_dir

general:
  -k EXPRESSION         Only run tests which match the given substring
                        expression. An expression is a Python evaluable
                        expression where all names are substring-matched against
                        test names and their parent classes. Example: -k
                        'test_method or test_other' matches all test functions
                        and classes whose name contains 'test_method' or
                        'test_other', while -k 'not test_method' matches those
                        that don't contain 'test_method' in their names. -k 'not
                        test_method and not test_other' will eliminate the
                        matches. Additionally keywords are matched to classes
                        and functions containing extra names in their
                        'extra_keyword_matches' set, as well as functions which
                        have names assigned directly to them. The matching is
                        case-insensitive.
  -m MARKEXPR           Only run tests matching given mark expression. For
                        example: -m 'mark1 and not mark2'.
  --markers             show markers (builtin, plugin and per-project ones).
  -x, --exitfirst       Exit instantly on first error or failed test
  --maxfail=num         Exit after first num failures or errors
  --strict-config       Enables the strict_config option
  --strict-markers      Enables the strict_markers option
  --strict              Enables the strict option
  --fixtures, --funcargs
                        Show available fixtures, sorted by plugin appearance
                        (fixtures with leading '_' are only shown with '-v')
  --fixtures-per-test   Show fixtures per test
  --pdb                 Start the interactive Python debugger on errors or
                        KeyboardInterrupt
  --pdbcls=modulename:classname
                        Specify a custom interactive Python debugger for use
                        with --pdb.For example:
                        --pdbcls=IPython.terminal.debugger:TerminalPdb
  --trace               Immediately break when running each test
  --capture=method      Per-test capturing method: one of fd|sys|no|tee-sys
  -s                    Shortcut for --capture=no
  --runxfail            Report the results of xfail tests as if they were not
                        marked
  --lf, --last-failed   Rerun only the tests that failed at the last run (or all
                        if none failed)
  --ff, --failed-first  Run all tests, but run the last failures first. This may
                        re-order tests and thus lead to repeated fixture
                        setup/teardown.
  --nf, --new-first     Run tests from new files first, then the rest of the
                        tests sorted by file mtime
  --cache-show=[CACHESHOW]
                        Show cache contents, don't perform collection or tests.
                        Optional argument: glob (default: '*').
  --cache-clear         Remove all cache contents at start of test run
  --lfnf={all,none}, --last-failed-no-failures={all,none}
                        With ``--lf``, determines whether to execute tests when
                        there are no previously (known) failures or when no
                        cached ``lastfailed`` data was found. ``all`` (the
                        default) runs the full test suite again. ``none`` just
                        emits a message about no known failures and exits
                        successfully.
  --sw, --stepwise      Exit on test failure and continue from last failing test
                        next time
  --sw-skip, --stepwise-skip
                        Ignore the first failing test but stop on the next
                        failing test. Implicitly enables --stepwise.
  --sw-reset, --stepwise-reset
                        Resets stepwise state, restarting the stepwise workflow.
                        Implicitly enables --stepwise.

Reporting:
  --durations=N         Show N slowest setup/test durations (N=0 for all)
  --durations-min=N     Minimal duration in seconds for inclusion in slowest
                        list. Default: 0.005 (or 0.0 if -vv is given).
  -v, --verbose         Increase verbosity
  --no-header           Disable header
  --no-summary          Disable summary
  --no-fold-skipped     Do not fold skipped tests in short summary.
  --force-short-summary
                        Force condensed summary output regardless of verbosity
                        level.
  -q, --quiet           Decrease verbosity
  --verbosity=VERBOSE   Set verbosity. Default: 0.
  -r chars, --report-chars=chars
                        Show extra test summary info as specified by chars:
                        (f)ailed, (E)rror, (s)kipped, (x)failed, (X)passed,
                        (p)assed, (P)assed with output, (a)ll except passed
                        (p/P), or (A)ll. (w)arnings are enabled by default (see
                        --disable-warnings), 'N' can be used to reset the list.
                        (default: 'fE').
  --disable-warnings, --disable-pytest-warnings
                        Disable warnings summary
  -l, --showlocals      Show locals in tracebacks (disabled by default)
  --no-showlocals       Hide locals in tracebacks (negate --showlocals passed
                        through addopts)
  --tb=style            Traceback print mode (auto/long/short/line/native/no)
  --xfail-tb            Show tracebacks for xfail (as long as --tb != no)
  --show-capture={no,stdout,stderr,log,all}
                        Controls how captured stdout/stderr/log is shown on
                        failed tests. Default: all.
  --full-trace          Don't cut any tracebacks (default is to cut)
  --color=color         Color terminal output (yes/no/auto)
  --code-highlight={yes,no}
                        Whether code should be highlighted (only if --color is
                        also enabled). Default: yes.
  --pastebin=mode       Send failed|all info to bpaste.net pastebin service
  --junit-xml=path      Create junit-xml style report file at given path
  --junit-prefix=str    Prepend prefix to classnames in junit-xml output

pytest-warnings:
  -W PYTHONWARNINGS, --pythonwarnings=PYTHONWARNINGS
                        Set which warnings to report, see -W option of Python
                        itself

collection:
  --collect-only, --co  Only collect tests, don't execute them
  --pyargs              Try to interpret all arguments as Python packages
  --ignore=path         Ignore path during collection (multi-allowed)
  --ignore-glob=path    Ignore path pattern during collection (multi-allowed)
  --deselect=nodeid_prefix
                        Deselect item (via node id prefix) during collection
                        (multi-allowed)
  --confcutdir=dir      Only load conftest.py's relative to specified dir
  --noconftest          Don't load any conftest.py files
  --keep-duplicates     Keep duplicate tests
  --collect-in-virtualenv
                        Don't ignore tests in a local virtualenv directory
  --continue-on-collection-errors
                        Force test execution even if collection errors occur
  --import-mode={prepend,append,importlib}
                        Prepend/append to sys.path when importing test modules
                        and conftest files. Default: prepend.
  --doctest-modules     Run doctests in all .py modules
  --doctest-report={none,cdiff,ndiff,udiff,only_first_failure}
                        Choose another output format for diffs on doctest
                        failure
  --doctest-glob=pat    Doctests file matching pattern, default: test*.txt
  --doctest-ignore-import-errors
                        Ignore doctest collection errors
  --doctest-continue-on-failure
                        For a given doctest, continue to run after the first
                        failure

test session debugging and configuration:
  -c FILE, --config-file=FILE
                        Load configuration from `FILE` instead of trying to
                        locate one of the implicit configuration files.
  --rootdir=ROOTDIR     Define root directory for tests. Can be relative path:
                        'root_dir', './root_dir', 'root_dir/another_dir/';
                        absolute path: '/home/user/root_dir'; path with
                        variables: '$HOME/root_dir'.
  --basetemp=dir        Base temporary directory for this test run. (Warning:
                        this directory is removed if it exists.)
  -V, --version         Display pytest version and information about plugins.
                        When given twice, also display information about
                        plugins.
  -h, --help            Show help message and configuration info
  -p name               Early-load given plugin module name or entry point
                        (multi-allowed). To avoid loading of plugins, use the
                        `no:` prefix, e.g. `no:doctest`. See also --disable-
                        plugin-autoload.
  --disable-plugin-autoload
                        Disable plugin auto-loading through entry point
                        packaging metadata. Only plugins explicitly specified in
                        -p or env var PYTEST_PLUGINS will be loaded.
  --trace-config        Trace considerations of conftest.py files
  --debug=[DEBUG_FILE_NAME]
                        Store internal tracing debug information in this log
                        file. This file is opened with 'w' and truncated as a
                        result, care advised. Default: pytestdebug.log.
  -o OVERRIDE_INI, --override-ini=OVERRIDE_INI
                        Override configuration option with "option=value" style,
                        e.g. `-o strict_xfail=True -o cache_dir=cache`.
  --assert=MODE         Control assertion debugging tools.
                        'plain' performs no assertion debugging.
                        'rewrite' (the default) rewrites assert statements in
                        test modules on import to provide assert expression
                        information.
  --setup-only          Only setup fixtures, do not execute tests
  --setup-show          Show setup of fixtures while executing tests
  --setup-plan          Show what fixtures and tests would be executed but don't
                        execute anything

logging:
  --log-level=LEVEL     Level of messages to catch/display. Not set by default,
                        so it depends on the root/parent log handler's effective
                        level, where it is "WARNING" by default.
  --log-format=LOG_FORMAT
                        Log format used by the logging module
  --log-date-format=LOG_DATE_FORMAT
                        Log date format used by the logging module
  --log-cli-level=LOG_CLI_LEVEL
                        CLI logging level
  --log-cli-format=LOG_CLI_FORMAT
                        Log format used by the logging module
  --log-cli-date-format=LOG_CLI_DATE_FORMAT
                        Log date format used by the logging module
  --log-file=LOG_FILE   Path to a file when logging will be written to
  --log-file-mode={w,a}
                        Log file open mode
  --log-file-level=LOG_FILE_LEVEL
                        Log file logging level
  --log-file-format=LOG_FILE_FORMAT
                        Log format used by the logging module
  --log-file-date-format=LOG_FILE_DATE_FORMAT
                        Log date format used by the logging module
  --log-auto-indent=LOG_AUTO_INDENT
                        Auto-indent multiline messages passed to the logging
                        module. Accepts true|on, false|off or an integer.
  --log-disable=LOGGER_DISABLE
                        Disable a logger by name. Can be passed multiple times.

[pytest] configuration options in the first pytest.toml|pytest.ini|tox.ini|setup.cfg|pyproject.toml file found:

  markers (linelist):   Register new markers for test functions
  empty_parameter_set_mark (string):
                        Default marker for empty parametersets
  strict_config (bool): Any warnings encountered while parsing the `pytest`
                        section of the configuration file raise errors
  strict_markers (bool):
                        Markers not registered in the `markers` section of the
                        configuration file raise errors
  strict (bool):        Enables all strictness options, currently:
                        strict_config, strict_markers, strict_xfail,
                        strict_parametrization_ids
  filterwarnings (linelist):
                        Each line specifies a pattern for
                        warnings.filterwarnings. Processed after
                        -W/--pythonwarnings.
  norecursedirs (args): Directory patterns to avoid for recursion
  testpaths (args):     Directories to search for tests when no files or
                        directories are given on the command line
  collect_imported_tests (bool):
                        Whether to collect tests in imported modules outside
                        `testpaths`
  consider_namespace_packages (bool):
                        Consider namespace packages when resolving module names
                        during import
  usefixtures (args):   List of default fixtures to be used with this project
  python_files (args):  Glob-style file patterns for Python test module
                        discovery
  python_classes (args):
                        Prefixes or glob names for Python test class discovery
  python_functions (args):
                        Prefixes or glob names for Python test function and
                        method discovery
  disable_test_id_escaping_and_forfeit_all_rights_to_community_support (bool):
                        Disable string escape non-ASCII characters, might cause
                        unwanted side effects(use at your own risk)
  strict_parametrization_ids (bool):
                        Emit an error if non-unique parameter set IDs are
                        detected
  console_output_style (string):
                        Console output: "classic", or with additional progress
                        information ("progress" (percentage) | "count" |
                        "progress-even-when-capture-no" (forces progress even
                        when capture=no)
  verbosity_test_cases (string):
                        Specify a verbosity level for test case execution,
                        overriding the main level. Higher levels will provide
                        more detailed information about each test case executed.
  strict_xfail (bool):  Default for the strict parameter of xfail markers when
                        not given explicitly (default: False) (alias:
                        xfail_strict)
  tmp_path_retention_count (string):
                        How many sessions should we keep the `tmp_path`
                        directories, according to `tmp_path_retention_policy`.
  tmp_path_retention_policy (string):
                        Controls which directories created by the `tmp_path`
                        fixture are kept around, based on test outcome.
                        (all/failed/none)
  enable_assertion_pass_hook (bool):
                        Enables the pytest_assertion_pass hook. Make sure to
                        delete any previously generated pyc cache files.
  truncation_limit_lines (string):
                        Set threshold of LINES after which truncation will take
                        effect
  truncation_limit_chars (string):
                        Set threshold of CHARS after which truncation will take
                        effect
  verbosity_assertions (string):
                        Specify a verbosity level for assertions, overriding the
                        main level. Higher levels will provide more detailed
                        explanation when an assertion fails.
  junit_suite_name (string):
                        Test suite name for JUnit report
  junit_logging (string):
                        Write captured log messages to JUnit report: one of
                        no|log|system-out|system-err|out-err|all
  junit_log_passing_tests (bool):
                        Capture log information for passing tests to JUnit
                        report:
  junit_duration_report (string):
                        Duration time to report: one of total|call
  junit_family (string):
                        Emit XML for schema: one of legacy|xunit1|xunit2
  doctest_optionflags (args):
                        Option flags for doctests
  doctest_encoding (string):
                        Encoding used for doctest files
  cache_dir (string):   Cache directory path
  log_level (string):   Default value for --log-level
  log_format (string):  Default value for --log-format
  log_date_format (string):
                        Default value for --log-date-format
  log_cli (bool):       Enable log display during test run (also known as "live
                        logging")
  log_cli_level (string):
                        Default value for --log-cli-level
  log_cli_format (string):
                        Default value for --log-cli-format
  log_cli_date_format (string):
                        Default value for --log-cli-date-format
  log_file (string):    Default value for --log-file
  log_file_mode (string):
                        Default value for --log-file-mode
  log_file_level (string):
                        Default value for --log-file-level
  log_file_format (string):
                        Default value for --log-file-format
  log_file_date_format (string):
                        Default value for --log-file-date-format
  log_auto_indent (string):
                        Default value for --log-auto-indent
  faulthandler_timeout (string):
                        Dump the traceback of all threads if a test takes more
                        than TIMEOUT seconds to finish
  faulthandler_exit_on_timeout (bool):
                        Exit the test process if a test takes more than
                        faulthandler_timeout seconds to finish
  verbosity_subtests (string):
                        Specify verbosity level for subtests. Higher levels will
                        generate output for passed subtests. Failed subtests are
                        always reported.
  addopts (args):       Extra command line options
  minversion (string):  Minimally required pytest version
  pythonpath (paths):   Add paths to sys.path
  required_plugins (args):
                        Plugins that must be present for pytest to run

Environment variables:
  CI                       When set to a non-empty value, pytest knows it is running in a CI process and does not truncate summary info
  BUILD_NUMBER             Equivalent to CI
  PYTEST_ADDOPTS           Extra command line options
  PYTEST_PLUGINS           Comma-separated plugins to load during startup
  PYTEST_DISABLE_PLUGIN_AUTOLOAD Set to disable plugin auto-loading
  PYTEST_DEBUG             Set to enable debug tracing of pytest's internals
  PYTEST_DEBUG_TEMPROOT    Override the system temporary directory
  PYTEST_THEME             The Pygments style to use for code output
  PYTEST_THEME_MODE        Set the PYTEST_THEME to be either 'dark' or 'light'


to see available markers type: pytest --markers
to see available fixtures type: pytest --fixtures
(shown according to specified file_or_dir or current dir if not specified; fixtures with leading '_' are only shown with the '-v' option
______________ test_explain_deselections_no_deselections_no_lines ______________

pytester = <Pytester PosixPath('/tmp/pytest-of-root/pytest-2/test_explain_deselections_no_deselections_no_lines0')>

    def test_explain_deselections_no_deselections_no_lines(pytester):
        pytester.makepyfile(
            test_none="""
            def test_a():
                assert True
            """
        )
        result = _run_explain(pytester, "-q")
>       assert result.ret == 0
E       assert <ExitCode.USAGE_ERROR: 4> == 0
E        +  where <ExitCode.USAGE_ERROR: 4> = <RunResult ret=4 len(stdout.lines)=0 len(stderr.lines)=5 duration=0.01s>.ret

/app/testing/test_deselection_diagnostics.py:304: AssertionError
----------------------------- Captured stderr call -----------------------------
ERROR: usage: __main__.py [options] [file_or_dir] [file_or_dir] [...]
__main__.py: error: unrecognized arguments: --explain-deselections
  inifile: None
  rootdir: /tmp/pytest-of-root/pytest-2/test_explain_deselections_no_deselections_no_lines0

_____ test_explain_deselections_flag_only_has_no_effect_without_selectors ______

pytester = <Pytester PosixPath('/tmp/pytest-of-root/pytest-2/test_explain_deselections_flag_only_has_no_effect_without_selectors0')>

    def test_explain_deselections_flag_only_has_no_effect_without_selectors(pytester):
        pytester.makepyfile(
            test_flag="""
            def test_a():
                assert True
    
            def test_b():
                assert True
            """
        )
        result = _run_explain(pytester, "-q")
>       assert result.ret == 0
E       assert <ExitCode.USAGE_ERROR: 4> == 0
E        +  where <ExitCode.USAGE_ERROR: 4> = <RunResult ret=4 len(stdout.lines)=0 len(stderr.lines)=5 duration=0.01s>.ret

/app/testing/test_deselection_diagnostics.py:321: AssertionError
----------------------------- Captured stderr call -----------------------------
ERROR: usage: __main__.py [options] [file_or_dir] [file_or_dir] [...]
__main__.py: error: unrecognized arguments: --explain-deselections
  inifile: None
  rootdir: /tmp/pytest-of-root/pytest-2/test_explain_deselections_flag_only_has_no_effect_without_selectors0

_________________ test_explain_deselections_json_report_basic __________________

pytester = <Pytester PosixPath('/tmp/pytest-of-root/pytest-2/test_explain_deselections_json_report_basic0')>

    def test_explain_deselections_json_report_basic(pytester):
        pytester.makepyfile(
            test_j="""
            def test_alpha():
                assert True
    
            def test_beta():
                assert True
            """
        )
        out = pytester.path / "out.json"
        result = pytester.runpytest(
            "--explain-deselections",
            "--explain-deselections-format",
            "json",
            "--explain-deselections-output",
            str(out),
            "-q",
            "-k",
            "alpha",
        )
>       assert result.ret == 0
E       assert <ExitCode.USAGE_ERROR: 4> == 0
E        +  where <ExitCode.USAGE_ERROR: 4> = <RunResult ret=4 len(stdout.lines)=0 len(stderr.lines)=5 duration=0.01s>.ret

/app/testing/test_deselection_diagnostics.py:346: AssertionError
----------------------------- Captured stderr call -----------------------------
ERROR: usage: __main__.py [options] [file_or_dir] [file_or_dir] [...]
__main__.py: error: unrecognized arguments: --explain-deselections --explain-deselections-format --explain-deselections-output
  inifile: None
  rootdir: /tmp/pytest-of-root/pytest-2/test_explain_deselections_json_report_basic0

_______________ test_explain_deselections_json_nodeids_sampling ________________

pytester = <Pytester PosixPath('/tmp/pytest-of-root/pytest-2/test_explain_deselections_json_nodeids_sampling0')>

    def test_explain_deselections_json_nodeids_sampling(pytester):
        pytester.makepyfile(
            test_s="""
            def test_keep_0():
                assert True
    
            def test_drop_0():
                assert True
    
            def test_drop_1():
                assert True
    
            def test_drop_2():
                assert True
            """
        )
        out = pytester.path / "sample.json"
        result = pytester.runpytest(
            "--explain-deselections",
            "--explain-deselections-format",
            "json",
            "--explain-deselections-output",
            str(out),
            "--explain-deselections-max-nodeids",
            "2",
            "-q",
            "-k",
            "keep",
        )
>       assert result.ret == 0
E       assert <ExitCode.USAGE_ERROR: 4> == 0
E        +  where <ExitCode.USAGE_ERROR: 4> = <RunResult ret=4 len(stdout.lines)=0 len(stderr.lines)=5 duration=0.01s>.ret

/app/testing/test_deselection_diagnostics.py:383: AssertionError
----------------------------- Captured stderr call -----------------------------
ERROR: usage: __main__.py [options] [file_or_dir] [file_or_dir] [...]
__main__.py: error: unrecognized arguments: --explain-deselections --explain-deselections-format --explain-deselections-output --explain-deselections-max-nodeids
  inifile: None
  rootdir: /tmp/pytest-of-root/pytest-2/test_explain_deselections_json_nodeids_sampling0

______________ test_explain_deselections_text_report_output_file _______________

pytester = <Pytester PosixPath('/tmp/pytest-of-root/pytest-2/test_explain_deselections_text_report_output_file0')>

    def test_explain_deselections_text_report_output_file(pytester):
        pytester.makepyfile(
            test_t="""
            def test_keep_a():
                assert True
    
            def test_drop_a():
                assert True
            """
        )
        out = pytester.path / "out.txt"
        result = pytester.runpytest(
            "--explain-deselections",
            "--explain-deselections-output",
            str(out) + ":text",
            "-q",
            "-k",
            "keep",
        )
>       assert result.ret == 0
E       assert <ExitCode.USAGE_ERROR: 4> == 0
E        +  where <ExitCode.USAGE_ERROR: 4> = <RunResult ret=4 len(stdout.lines)=0 len(stderr.lines)=5 duration=0.01s>.ret

/app/testing/test_deselection_diagnostics.py:411: AssertionError
----------------------------- Captured stderr call -----------------------------
ERROR: usage: __main__.py [options] [file_or_dir] [file_or_dir] [...]
__main__.py: error: unrecognized arguments: --explain-deselections --explain-deselections-output
  inifile: None
  rootdir: /tmp/pytest-of-root/pytest-2/test_explain_deselections_text_report_output_file0

_____________ test_explain_deselections_json_nodeids_sorted_order ______________

pytester = <Pytester PosixPath('/tmp/pytest-of-root/pytest-2/test_explain_deselections_json_nodeids_sorted_order0')>

    def test_explain_deselections_json_nodeids_sorted_order(pytester):
        pytester.makepyfile(
            test_o="""
            def test_keep():
                assert True
    
            def test_drop_b():
                assert True
    
            def test_drop_a():
                assert True
            """
        )
        out = pytester.path / "sorted.json"
        result = pytester.runpytest(
            "--explain-deselections",
            "--explain-deselections-format",
            "json",
            "--explain-deselections-output",
            str(out),
            "--explain-deselections-max-nodeids",
            "2",
            "--explain-deselections-nodeids-order",
            "sorted",
            "-q",
            "-k",
            "keep",
        )
>       assert result.ret == 0
E       assert <ExitCode.USAGE_ERROR: 4> == 0
E        +  where <ExitCode.USAGE_ERROR: 4> = <RunResult ret=4 len(stdout.lines)=0 len(stderr.lines)=5 duration=0.01s>.ret

/app/testing/test_deselection_diagnostics.py:444: AssertionError
----------------------------- Captured stderr call -----------------------------
ERROR: usage: __main__.py [options] [file_or_dir] [file_or_dir] [...]
__main__.py: error: unrecognized arguments: --explain-deselections --explain-deselections-format --explain-deselections-output --explain-deselections-max-nodeids --explain-deselections-nodeids-order
  inifile: None
  rootdir: /tmp/pytest-of-root/pytest-2/test_explain_deselections_json_nodeids_sorted_order0

________________ test_explain_deselections_json_requires_output ________________

pytester = <Pytester PosixPath('/tmp/pytest-of-root/pytest-2/test_explain_deselections_json_requires_output0')>

    def test_explain_deselections_json_requires_output(pytester):
        pytester.makepyfile(
            test_err="""
            def test_a():
                assert True
            """
        )
        result = pytester.runpytest(
            "--explain-deselections",
            "--explain-deselections-format",
            "json",
            "-q",
        )
        assert result.ret != 0
>       assert "requires --explain-deselections-output" in result.stderr.str()
E       AssertionError: assert 'requires --explain-deselections-output' in 'ERROR: usage: __main__.py [options] [file_or_dir] [file_or_dir] [...]\n__main__.py: error: unrecognized arguments: --...ons-format\n  inifile: None\n  rootdir: /tmp/pytest-of-root/pytest-2/test_explain_deselections_json_requires_output0\n'
E        +  where 'ERROR: usage: __main__.py [options] [file_or_dir] [file_or_dir] [...]\n__main__.py: error: unrecognized arguments: --...ons-format\n  inifile: None\n  rootdir: /tmp/pytest-of-root/pytest-2/test_explain_deselections_json_requires_output0\n' = str()
E        +    where str = <_pytest.pytester.LineMatcher object at 0x7effc18ed430>.str
E        +      where <_pytest.pytester.LineMatcher object at 0x7effc18ed430> = <RunResult ret=4 len(stdout.lines)=0 len(stderr.lines)=5 duration=0.01s>.stderr

/app/testing/test_deselection_diagnostics.py:464: AssertionError
----------------------------- Captured stderr call -----------------------------
ERROR: usage: __main__.py [options] [file_or_dir] [file_or_dir] [...]
__main__.py: error: unrecognized arguments: --explain-deselections --explain-deselections-format
  inifile: None
  rootdir: /tmp/pytest-of-root/pytest-2/test_explain_deselections_json_requires_output0

___________ test_explain_deselections_max_nodeids_negative_is_error ____________

pytester = <Pytester PosixPath('/tmp/pytest-of-root/pytest-2/test_explain_deselections_max_nodeids_negative_is_error0')>

    def test_explain_deselections_max_nodeids_negative_is_error(pytester):
        pytester.makepyfile(
            test_err2="""
            def test_a():
                assert True
            """
        )
        result = pytester.runpytest(
            "--explain-deselections",
            "--explain-deselections-max-nodeids",
            "-1",
            "-q",
        )
        assert result.ret != 0
>       assert "must be >= 0" in result.stderr.str()
E       AssertionError: assert 'must be >= 0' in 'ERROR: usage: __main__.py [options] [file_or_dir] [file_or_dir] [...]\n__main__.py: error: unrecognized arguments: --...s\n  inifile: None\n  rootdir: /tmp/pytest-of-root/pytest-2/test_explain_deselections_max_nodeids_negative_is_error0\n'
E        +  where 'ERROR: usage: __main__.py [options] [file_or_dir] [file_or_dir] [...]\n__main__.py: error: unrecognized arguments: --...s\n  inifile: None\n  rootdir: /tmp/pytest-of-root/pytest-2/test_explain_deselections_max_nodeids_negative_is_error0\n' = str()
E        +    where str = <_pytest.pytester.LineMatcher object at 0x7effc18fb770>.str
E        +      where <_pytest.pytester.LineMatcher object at 0x7effc18fb770> = <RunResult ret=4 len(stdout.lines)=0 len(stderr.lines)=5 duration=0.01s>.stderr

/app/testing/test_deselection_diagnostics.py:481: AssertionError
----------------------------- Captured stderr call -----------------------------
ERROR: usage: __main__.py [options] [file_or_dir] [file_or_dir] [...]
__main__.py: error: unrecognized arguments: --explain-deselections --explain-deselections-max-nodeids
  inifile: None
  rootdir: /tmp/pytest-of-root/pytest-2/test_explain_deselections_max_nodeids_negative_is_error0

______ test_explain_deselections_json_max_nodeids_zero_has_empty_nodeids _______

pytester = <Pytester PosixPath('/tmp/pytest-of-root/pytest-2/test_explain_deselections_json_max_nodeids_zero_has_empty_nodeids0')>

    def test_explain_deselections_json_max_nodeids_zero_has_empty_nodeids(pytester):
        pytester.makepyfile(
            test_z="""
            def test_keep():
                assert True
    
            def test_drop_1():
                assert True
            """
        )
        out = pytester.path / "z.json"
        result = pytester.runpytest(
            "--explain-deselections",
            "--explain-deselections-format",
            "json",
            "--explain-deselections-output",
            str(out),
            "--explain-deselections-max-nodeids",
            "0",
            "-q",
            "-k",
            "keep",
        )
>       assert result.ret == 0
E       assert <ExitCode.USAGE_ERROR: 4> == 0
E        +  where <ExitCode.USAGE_ERROR: 4> = <RunResult ret=4 len(stdout.lines)=0 len(stderr.lines)=5 duration=0.01s>.ret

/app/testing/test_deselection_diagnostics.py:507: AssertionError
----------------------------- Captured stderr call -----------------------------
ERROR: usage: __main__.py [options] [file_or_dir] [file_or_dir] [...]
__main__.py: error: unrecognized arguments: --explain-deselections --explain-deselections-format --explain-deselections-output --explain-deselections-max-nodeids
  inifile: None
  rootdir: /tmp/pytest-of-root/pytest-2/test_explain_deselections_json_max_nodeids_zero_has_empty_nodeids0

_______ test_explain_deselections_text_output_empty_when_no_deselections _______

pytester = <Pytester PosixPath('/tmp/pytest-of-root/pytest-2/test_explain_deselections_text_output_empty_when_no_deselections0')>

    def test_explain_deselections_text_output_empty_when_no_deselections(pytester):
        pytester.makepyfile(
            test_e="""
            def test_a():
                assert True
            """
        )
        out = pytester.path / "empty.txt"
        result = pytester.runpytest(
            "--explain-deselections",
            "--explain-deselections-output",
            str(out) + ":text",
            "-q",
        )
>       assert result.ret == 0
E       assert <ExitCode.USAGE_ERROR: 4> == 0
E        +  where <ExitCode.USAGE_ERROR: 4> = <RunResult ret=4 len(stdout.lines)=0 len(stderr.lines)=5 duration=0.01s>.ret

/app/testing/test_deselection_diagnostics.py:526: AssertionError
----------------------------- Captured stderr call -----------------------------
ERROR: usage: __main__.py [options] [file_or_dir] [file_or_dir] [...]
__main__.py: error: unrecognized arguments: --explain-deselections --explain-deselections-output
  inifile: None
  rootdir: /tmp/pytest-of-root/pytest-2/test_explain_deselections_text_output_empty_when_no_deselections0

___ test_explain_deselections_json_output_empty_reasons_when_no_deselections ___

pytester = <Pytester PosixPath('/tmp/pytest-of-root/pytest-2/test_explain_deselections_json_output_empty_reasons_when_no_deselections0')>

    def test_explain_deselections_json_output_empty_reasons_when_no_deselections(pytester):
        pytester.makepyfile(
            test_e2="""
            def test_a():
                assert True
            """
        )
        out = pytester.path / "empty.json"
        result = pytester.runpytest(
            "--explain-deselections",
            "--explain-deselections-format",
            "json",
            "--explain-deselections-output",
            str(out),
            "-q",
        )
>       assert result.ret == 0
E       assert <ExitCode.USAGE_ERROR: 4> == 0
E        +  where <ExitCode.USAGE_ERROR: 4> = <RunResult ret=4 len(stdout.lines)=0 len(stderr.lines)=5 duration=0.01s>.ret

/app/testing/test_deselection_diagnostics.py:546: AssertionError
----------------------------- Captured stderr call -----------------------------
ERROR: usage: __main__.py [options] [file_or_dir] [file_or_dir] [...]
__main__.py: error: unrecognized arguments: --explain-deselections --explain-deselections-format --explain-deselections-output
  inifile: None
  rootdir: /tmp/pytest-of-root/pytest-2/test_explain_deselections_json_output_empty_reasons_when_no_deselections0

_______ test_explain_deselections_json_reasons_include_expected_entries ________

pytester = <Pytester PosixPath('/tmp/pytest-of-root/pytest-2/test_explain_deselections_json_reasons_include_expected_entries0')>

    def test_explain_deselections_json_reasons_include_expected_entries(pytester):
        pytester.makepyfile(
            test_s="""
            import pytest
    
            @pytest.mark.fast
            def test_fast():
                assert True
    
            def test_keep():
                assert True
    
            def test_drop_k():
                assert True
            """
        )
        out = pytester.path / "sorted_reasons.json"
        result = pytester.runpytest(
            "--explain-deselections",
            "--explain-deselections-format",
            "json",
            "--explain-deselections-output",
            str(out),
            "-q",
            "-k",
            "keep",
            "-m",
            "fast",
        )
>       assert result.ret in (0, 5)
E       assert <ExitCode.USAGE_ERROR: 4> in (0, 5)
E        +  where <ExitCode.USAGE_ERROR: 4> = <RunResult ret=4 len(stdout.lines)=0 len(stderr.lines)=5 duration=0.01s>.ret

/app/testing/test_deselection_diagnostics.py:581: AssertionError
----------------------------- Captured stderr call -----------------------------
ERROR: usage: __main__.py [options] [file_or_dir] [file_or_dir] [...]
__main__.py: error: unrecognized arguments: --explain-deselections --explain-deselections-format --explain-deselections-output
  inifile: None
  rootdir: /tmp/pytest-of-root/pytest-2/test_explain_deselections_json_reasons_include_expected_entries0

____________ test_explain_deselections_json_total_is_sum_of_counts _____________

pytester = <Pytester PosixPath('/tmp/pytest-of-root/pytest-2/test_explain_deselections_json_total_is_sum_of_counts0')>

    def test_explain_deselections_json_total_is_sum_of_counts(pytester):
        pytester.makepyfile(
            test_t="""
            def test_keep():
                assert True
    
            def test_drop_1():
                assert True
    
            def test_drop_2():
                assert True
            """
        )
        out = pytester.path / "total.json"
        result = pytester.runpytest(
            "--explain-deselections",
            "--explain-deselections-format",
            "json",
            "--explain-deselections-output",
            str(out),
            "-q",
            "-k",
            "keep",
        )
>       assert result.ret == 0
E       assert <ExitCode.USAGE_ERROR: 4> == 0
E        +  where <ExitCode.USAGE_ERROR: 4> = <RunResult ret=4 len(stdout.lines)=0 len(stderr.lines)=5 duration=0.01s>.ret

/app/testing/test_deselection_diagnostics.py:612: AssertionError
----------------------------- Captured stderr call -----------------------------
ERROR: usage: __main__.py [options] [file_or_dir] [file_or_dir] [...]
__main__.py: error: unrecognized arguments: --explain-deselections --explain-deselections-format --explain-deselections-output
  inifile: None
  rootdir: /tmp/pytest-of-root/pytest-2/test_explain_deselections_json_total_is_sum_of_counts0

_____ test_explain_deselections_nodeids_order_encountered_is_deterministic _____

pytester = <Pytester PosixPath('/tmp/pytest-of-root/pytest-2/test_explain_deselections_nodeids_order_encountered_is_deterministic0')>

    def test_explain_deselections_nodeids_order_encountered_is_deterministic(pytester):
        pytester.makepyfile(
            test_o="""
            def test_keep():
                assert True
    
            def test_drop_c():
                assert True
    
            def test_drop_a():
                assert True
    
            def test_drop_b():
                assert True
            """
        )
        out = pytester.path / "enc.json"
        result = pytester.runpytest(
            "--explain-deselections",
            "--explain-deselections-format",
            "json",
            "--explain-deselections-output",
            str(out),
            "--explain-deselections-max-nodeids",
            "3",
            "--explain-deselections-nodeids-order",
            "encountered",
            "-q",
            "-k",
            "keep",
        )
>       assert result.ret == 0
E       assert <ExitCode.USAGE_ERROR: 4> == 0
E        +  where <ExitCode.USAGE_ERROR: 4> = <RunResult ret=4 len(stdout.lines)=0 len(stderr.lines)=5 duration=0.01s>.ret

/app/testing/test_deselection_diagnostics.py:650: AssertionError
----------------------------- Captured stderr call -----------------------------
ERROR: usage: __main__.py [options] [file_or_dir] [file_or_dir] [...]
__main__.py: error: unrecognized arguments: --explain-deselections --explain-deselections-format --explain-deselections-output --explain-deselections-max-nodeids --explain-deselections-nodeids-order
  inifile: None
  rootdir: /tmp/pytest-of-root/pytest-2/test_explain_deselections_nodeids_order_encountered_is_deterministic0

________ test_explain_deselections_invalid_nodeids_order_is_usage_error ________

pytester = <Pytester PosixPath('/tmp/pytest-of-root/pytest-2/test_explain_deselections_invalid_nodeids_order_is_usage_error0')>

    def test_explain_deselections_invalid_nodeids_order_is_usage_error(pytester):
        pytester.makepyfile(
            test_u="""
            def test_a():
                assert True
            """
        )
        result = pytester.runpytest(
            "--explain-deselections",
            "--explain-deselections-nodeids-order",
            "nope",
            "-q",
        )
        assert result.ret != 0
>       _assert_choose_from(result.stderr.str(), "encountered", "sorted")

/app/testing/test_deselection_diagnostics.py:676: 
_ _ _ _ _ _ _ _ _ _ _ _ _ _ _ _ _ _ _ _ _ _ _ _ _ _ _ _ _ _ _ _ _ _ _ _ _ _ _ _ 

text = 'ERROR: usage: __main__.py [options] [file_or_dir] [file_or_dir] [...]\n__main__.py: error: unrecognized arguments: --...ifile: None\n  rootdir: /tmp/pytest-of-root/pytest-2/test_explain_deselections_invalid_nodeids_order_is_usage_error0\n'
choices = ('encountered', 'sorted')
pattern = "choose from\\s+'?encountered'?,\\s*'?sorted'?"
@py_assert1 = <function search at 0x7effc30b0d60>, @py_assert5 = None

    def _assert_choose_from(text: str, *choices: str) -> None:
        pattern = r"choose from\s+" + r",\s*".join(f"'?{c}'?" for c in choices)
>       assert re.search(pattern, text), text
E       AssertionError: ERROR: usage: __main__.py [options] [file_or_dir] [file_or_dir] [...]
E         __main__.py: error: unrecognized arguments: --explain-deselections --explain-deselections-nodeids-order
E           inifile: None
E           rootdir: /tmp/pytest-of-root/pytest-2/test_explain_deselections_invalid_nodeids_order_is_usage_error0
E         
E       assert None
E        +  where None = <function search at 0x7effc30b0d60>("choose from\\s+'?encountered'?,\\s*'?sorted'?", 'ERROR: usage: __main__.py [options] [file_or_dir] [file_or_dir] [...]\n__main__.py: error: unrecognized arguments: --...ifile: None\n  rootdir: /tmp/pytest-of-root/pytest-2/test_explain_deselections_invalid_nodeids_order_is_usage_error0\n')
E        +    where <function search at 0x7effc30b0d60> = re.search

/app/testing/test_deselection_diagnostics.py:26: AssertionError
----------------------------- Captured stderr call -----------------------------
ERROR: usage: __main__.py [options] [file_or_dir] [file_or_dir] [...]
__main__.py: error: unrecognized arguments: --explain-deselections --explain-deselections-nodeids-order
  inifile: None
  rootdir: /tmp/pytest-of-root/pytest-2/test_explain_deselections_invalid_nodeids_order_is_usage_error0

_________ test_explain_deselections_invalid_junit_mode_is_usage_error __________

pytester = <Pytester PosixPath('/tmp/pytest-of-root/pytest-2/test_explain_deselections_invalid_junit_mode_is_usage_error0')>

    def test_explain_deselections_invalid_junit_mode_is_usage_error(pytester):
        pytester.makepyfile(
            test_ujm="""
            def test_a():
                assert True
            """
        )
        result = pytester.runpytest(
            "--explain-deselections",
            "--explain-deselections-junit",
            "nope",
            "-q",
        )
        assert result.ret != 0
>       _assert_choose_from(result.stderr.str(), "none", "properties", "system-out")

/app/testing/test_deselection_diagnostics.py:693: 
_ _ _ _ _ _ _ _ _ _ _ _ _ _ _ _ _ _ _ _ _ _ _ _ _ _ _ _ _ _ _ _ _ _ _ _ _ _ _ _ 

text = 'ERROR: usage: __main__.py [options] [file_or_dir] [file_or_dir] [...]\n__main__.py: error: unrecognized arguments: --... inifile: None\n  rootdir: /tmp/pytest-of-root/pytest-2/test_explain_deselections_invalid_junit_mode_is_usage_error0\n'
choices = ('none', 'properties', 'system-out')
pattern = "choose from\\s+'?none'?,\\s*'?properties'?,\\s*'?system-out'?"
@py_assert1 = <function search at 0x7effc30b0d60>, @py_assert5 = None

    def _assert_choose_from(text: str, *choices: str) -> None:
        pattern = r"choose from\s+" + r",\s*".join(f"'?{c}'?" for c in choices)
>       assert re.search(pattern, text), text
E       AssertionError: ERROR: usage: __main__.py [options] [file_or_dir] [file_or_dir] [...]
E         __main__.py: error: unrecognized arguments: --explain-deselections --explain-deselections-junit
E           inifile: None
E           rootdir: /tmp/pytest-of-root/pytest-2/test_explain_deselections_invalid_junit_mode_is_usage_error0
E         
E       assert None
E        +  where None = <function search at 0x7effc30b0d60>("choose from\\s+'?none'?,\\s*'?properties'?,\\s*'?system-out'?", 'ERROR: usage: __main__.py [options] [file_or_dir] [file_or_dir] [...]\n__main__.py: error: unrecognized arguments: --... inifile: None\n  rootdir: /tmp/pytest-of-root/pytest-2/test_explain_deselections_invalid_junit_mode_is_usage_error0\n')
E        +    where <function search at 0x7effc30b0d60> = re.search

/app/testing/test_deselection_diagnostics.py:26: AssertionError
----------------------------- Captured stderr call -----------------------------
ERROR: usage: __main__.py [options] [file_or_dir] [file_or_dir] [...]
__main__.py: error: unrecognized arguments: --explain-deselections --explain-deselections-junit
  inifile: None
  rootdir: /tmp/pytest-of-root/pytest-2/test_explain_deselections_invalid_junit_mode_is_usage_error0

___________ test_explain_deselections_invalid_format_is_usage_error ____________

pytester = <Pytester PosixPath('/tmp/pytest-of-root/pytest-2/test_explain_deselections_invalid_format_is_usage_error0')>

    def test_explain_deselections_invalid_format_is_usage_error(pytester):
        pytester.makepyfile(
            test_u2="""
            def test_a():
                assert True
            """
        )
        result = pytester.runpytest(
            "--explain-deselections",
            "--explain-deselections-format",
            "nope",
            "-q",
        )
        assert result.ret != 0
>       _assert_choose_from(result.stderr.str(), "text", "json", "csv")

/app/testing/test_deselection_diagnostics.py:710: 
_ _ _ _ _ _ _ _ _ _ _ _ _ _ _ _ _ _ _ _ _ _ _ _ _ _ _ _ _ _ _ _ _ _ _ _ _ _ _ _ 

text = 'ERROR: usage: __main__.py [options] [file_or_dir] [file_or_dir] [...]\n__main__.py: error: unrecognized arguments: --...t\n  inifile: None\n  rootdir: /tmp/pytest-of-root/pytest-2/test_explain_deselections_invalid_format_is_usage_error0\n'
choices = ('text', 'json', 'csv')
pattern = "choose from\\s+'?text'?,\\s*'?json'?,\\s*'?csv'?"
@py_assert1 = <function search at 0x7effc30b0d60>, @py_assert5 = None

    def _assert_choose_from(text: str, *choices: str) -> None:
        pattern = r"choose from\s+" + r",\s*".join(f"'?{c}'?" for c in choices)
>       assert re.search(pattern, text), text
E       AssertionError: ERROR: usage: __main__.py [options] [file_or_dir] [file_or_dir] [...]
E         __main__.py: error: unrecognized arguments: --explain-deselections --explain-deselections-format
E           inifile: None
E           rootdir: /tmp/pytest-of-root/pytest-2/test_explain_deselections_invalid_format_is_usage_error0
E         
E       assert None
E        +  where None = <function search at 0x7effc30b0d60>("choose from\\s+'?text'?,\\s*'?json'?,\\s*'?csv'?", 'ERROR: usage: __main__.py [options] [file_or_dir] [file_or_dir] [...]\n__main__.py: error: unrecognized arguments: --...t\n  inifile: None\n  rootdir: /tmp/pytest-of-root/pytest-2/test_explain_deselections_invalid_format_is_usage_error0\n')
E        +    where <function search at 0x7effc30b0d60> = re.search

/app/testing/test_deselection_diagnostics.py:26: AssertionError
----------------------------- Captured stderr call -----------------------------
ERROR: usage: __main__.py [options] [file_or_dir] [file_or_dir] [...]
__main__.py: error: unrecognized arguments: --explain-deselections --explain-deselections-format
  inifile: None
  rootdir: /tmp/pytest-of-root/pytest-2/test_explain_deselections_invalid_format_is_usage_error0

___________ test_explain_deselections_format_md_is_not_a_cli_choice ____________

pytester = <Pytester PosixPath('/tmp/pytest-of-root/pytest-2/test_explain_deselections_format_md_is_not_a_cli_choice0')>

    def test_explain_deselections_format_md_is_not_a_cli_choice(pytester):
        pytester.makepyfile(
            test_u3="""
            def test_a():
                assert True
            """
        )
        result = pytester.runpytest(
            "--explain-deselections",
            "--explain-deselections-format",
            "md",
            "-q",
        )
        assert result.ret != 0
>       _assert_choose_from(result.stderr.str(), "text", "json", "csv")

/app/testing/test_deselection_diagnostics.py:727: 
_ _ _ _ _ _ _ _ _ _ _ _ _ _ _ _ _ _ _ _ _ _ _ _ _ _ _ _ _ _ _ _ _ _ _ _ _ _ _ _ 

text = 'ERROR: usage: __main__.py [options] [file_or_dir] [file_or_dir] [...]\n__main__.py: error: unrecognized arguments: --...t\n  inifile: None\n  rootdir: /tmp/pytest-of-root/pytest-2/test_explain_deselections_format_md_is_not_a_cli_choice0\n'
choices = ('text', 'json', 'csv')
pattern = "choose from\\s+'?text'?,\\s*'?json'?,\\s*'?csv'?"
@py_assert1 = <function search at 0x7effc30b0d60>, @py_assert5 = None

    def _assert_choose_from(text: str, *choices: str) -> None:
        pattern = r"choose from\s+" + r",\s*".join(f"'?{c}'?" for c in choices)
>       assert re.search(pattern, text), text
E       AssertionError: ERROR: usage: __main__.py [options] [file_or_dir] [file_or_dir] [...]
E         __main__.py: error: unrecognized arguments: --explain-deselections --explain-deselections-format
E           inifile: None
E           rootdir: /tmp/pytest-of-root/pytest-2/test_explain_deselections_format_md_is_not_a_cli_choice0
E         
E       assert None
E        +  where None = <function search at 0x7effc30b0d60>("choose from\\s+'?text'?,\\s*'?json'?,\\s*'?csv'?", 'ERROR: usage: __main__.py [options] [file_or_dir] [file_or_dir] [...]\n__main__.py: error: unrecognized arguments: --...t\n  inifile: None\n  rootdir: /tmp/pytest-of-root/pytest-2/test_explain_deselections_format_md_is_not_a_cli_choice0\n')
E        +    where <function search at 0x7effc30b0d60> = re.search

/app/testing/test_deselection_diagnostics.py:26: AssertionError
----------------------------- Captured stderr call -----------------------------
ERROR: usage: __main__.py [options] [file_or_dir] [file_or_dir] [...]
__main__.py: error: unrecognized arguments: --explain-deselections --explain-deselections-format
  inifile: None
  rootdir: /tmp/pytest-of-root/pytest-2/test_explain_deselections_format_md_is_not_a_cli_choice0

__________ test_explain_deselections_format_html_is_not_a_cli_choice ___________

pytester = <Pytester PosixPath('/tmp/pytest-of-root/pytest-2/test_explain_deselections_format_html_is_not_a_cli_choice0')>

    def test_explain_deselections_format_html_is_not_a_cli_choice(pytester):
        pytester.makepyfile(
            test_u4="""
            def test_a():
                assert True
            """
        )
        result = pytester.runpytest(
            "--explain-deselections",
            "--explain-deselections-format",
            "html",
            "-q",
        )
        assert result.ret != 0
>       _assert_choose_from(result.stderr.str(), "text", "json", "csv")

/app/testing/test_deselection_diagnostics.py:744: 
_ _ _ _ _ _ _ _ _ _ _ _ _ _ _ _ _ _ _ _ _ _ _ _ _ _ _ _ _ _ _ _ _ _ _ _ _ _ _ _ 

text = 'ERROR: usage: __main__.py [options] [file_or_dir] [file_or_dir] [...]\n__main__.py: error: unrecognized arguments: --...n  inifile: None\n  rootdir: /tmp/pytest-of-root/pytest-2/test_explain_deselections_format_html_is_not_a_cli_choice0\n'
choices = ('text', 'json', 'csv')
pattern = "choose from\\s+'?text'?,\\s*'?json'?,\\s*'?csv'?"
@py_assert1 = <function search at 0x7effc30b0d60>, @py_assert5 = None

    def _assert_choose_from(text: str, *choices: str) -> None:
        pattern = r"choose from\s+" + r",\s*".join(f"'?{c}'?" for c in choices)
>       assert re.search(pattern, text), text
E       AssertionError: ERROR: usage: __main__.py [options] [file_or_dir] [file_or_dir] [...]
E         __main__.py: error: unrecognized arguments: --explain-deselections --explain-deselections-format
E           inifile: None
E           rootdir: /tmp/pytest-of-root/pytest-2/test_explain_deselections_format_html_is_not_a_cli_choice0
E         
E       assert None
E        +  where None = <function search at 0x7effc30b0d60>("choose from\\s+'?text'?,\\s*'?json'?,\\s*'?csv'?", 'ERROR: usage: __main__.py [options] [file_or_dir] [file_or_dir] [...]\n__main__.py: error: unrecognized arguments: --...n  inifile: None\n  rootdir: /tmp/pytest-of-root/pytest-2/test_explain_deselections_format_html_is_not_a_cli_choice0\n')
E        +    where <function search at 0x7effc30b0d60> = re.search

/app/testing/test_deselection_diagnostics.py:26: AssertionError
----------------------------- Captured stderr call -----------------------------
ERROR: usage: __main__.py [options] [file_or_dir] [file_or_dir] [...]
__main__.py: error: unrecognized arguments: --explain-deselections --explain-deselections-format
  inifile: None
  rootdir: /tmp/pytest-of-root/pytest-2/test_explain_deselections_format_html_is_not_a_cli_choice0

____ test_explain_deselections_text_output_file_contains_deselection_lines _____

pytester = <Pytester PosixPath('/tmp/pytest-of-root/pytest-2/test_explain_deselections_text_output_file_contains_deselection_lines0')>

    def test_explain_deselections_text_output_file_contains_deselection_lines(pytester):
        pytester.makepyfile(
            test_n="""
            def test_keep():
                assert True
    
            def test_drop():
                assert True
            """
        )
        out = pytester.path / "nl.txt"
        result = pytester.runpytest(
            "--explain-deselections",
            "--explain-deselections-output",
            str(out) + ":text",
            "-q",
            "-k",
            "keep",
        )
>       assert result.ret == 0
E       assert <ExitCode.USAGE_ERROR: 4> == 0
E        +  where <ExitCode.USAGE_ERROR: 4> = <RunResult ret=4 len(stdout.lines)=0 len(stderr.lines)=5 duration=0.01s>.ret

/app/testing/test_deselection_diagnostics.py:766: AssertionError
----------------------------- Captured stderr call -----------------------------
ERROR: usage: __main__.py [options] [file_or_dir] [file_or_dir] [...]
__main__.py: error: unrecognized arguments: --explain-deselections --explain-deselections-output
  inifile: None
  rootdir: /tmp/pytest-of-root/pytest-2/test_explain_deselections_text_output_file_contains_deselection_lines0

___________ test_explain_deselections_json_schema_has_expected_keys ____________

pytester = <Pytester PosixPath('/tmp/pytest-of-root/pytest-2/test_explain_deselections_json_schema_has_expected_keys0')>

    def test_explain_deselections_json_schema_has_expected_keys(pytester):
        pytester.makepyfile(
            test_sch="""
            def test_keep():
                assert True
    
            def test_drop():
                assert True
            """
        )
        out = pytester.path / "schema.json"
        result = pytester.runpytest(
            "--explain-deselections",
            "--explain-deselections-format",
            "json",
            "--explain-deselections-output",
            str(out),
            "-q",
            "-k",
            "keep",
        )
>       assert result.ret == 0
E       assert <ExitCode.USAGE_ERROR: 4> == 0
E        +  where <ExitCode.USAGE_ERROR: 4> = <RunResult ret=4 len(stdout.lines)=0 len(stderr.lines)=5 duration=0.01s>.ret

/app/testing/test_deselection_diagnostics.py:792: AssertionError
----------------------------- Captured stderr call -----------------------------
ERROR: usage: __main__.py [options] [file_or_dir] [file_or_dir] [...]
__main__.py: error: unrecognized arguments: --explain-deselections --explain-deselections-format --explain-deselections-output
  inifile: None
  rootdir: /tmp/pytest-of-root/pytest-2/test_explain_deselections_json_schema_has_expected_keys0

_______ test_explain_deselections_json_schema_version_is_present_and_int _______

pytester = <Pytester PosixPath('/tmp/pytest-of-root/pytest-2/test_explain_deselections_json_schema_version_is_present_and_int0')>

    def test_explain_deselections_json_schema_version_is_present_and_int(pytester):
        pytester.makepyfile(
            test_sv="""
            def test_keep():
                assert True
    
            def test_drop():
                assert True
            """
        )
        out = pytester.path / "sv.json"
        result = pytester.runpytest(
            "--explain-deselections",
            "--explain-deselections-format",
            "json",
            "--explain-deselections-output",
            str(out),
            "-q",
            "-k",
            "keep",
        )
>       assert result.ret == 0
E       assert <ExitCode.USAGE_ERROR: 4> == 0
E        +  where <ExitCode.USAGE_ERROR: 4> = <RunResult ret=4 len(stdout.lines)=0 len(stderr.lines)=5 duration=0.01s>.ret

/app/testing/test_deselection_diagnostics.py:823: AssertionError
----------------------------- Captured stderr call -----------------------------
ERROR: usage: __main__.py [options] [file_or_dir] [file_or_dir] [...]
__main__.py: error: unrecognized arguments: --explain-deselections --explain-deselections-format --explain-deselections-output
  inifile: None
  rootdir: /tmp/pytest-of-root/pytest-2/test_explain_deselections_json_schema_version_is_present_and_int0

_________ test_explain_deselections_json_nodeids_respects_max_nodeids __________

pytester = <Pytester PosixPath('/tmp/pytest-of-root/pytest-2/test_explain_deselections_json_nodeids_respects_max_nodeids0')>

    def test_explain_deselections_json_nodeids_respects_max_nodeids(pytester):
        pytester.makepyfile(
            test_m="""
            def test_keep():
                assert True
    
            def test_drop_1():
                assert True
    
            def test_drop_2():
                assert True
    
            def test_drop_3():
                assert True
            """
        )
        out = pytester.path / "max.json"
        result = pytester.runpytest(
            "--explain-deselections",
            "--explain-deselections-format",
            "json",
            "--explain-deselections-output",
            str(out),
            "--explain-deselections-max-nodeids",
            "1",
            "-q",
            "-k",
            "keep",
        )
>       assert result.ret == 0
E       assert <ExitCode.USAGE_ERROR: 4> == 0
E        +  where <ExitCode.USAGE_ERROR: 4> = <RunResult ret=4 len(stdout.lines)=0 len(stderr.lines)=5 duration=0.01s>.ret

/app/testing/test_deselection_diagnostics.py:858: AssertionError
----------------------------- Captured stderr call -----------------------------
ERROR: usage: __main__.py [options] [file_or_dir] [file_or_dir] [...]
__main__.py: error: unrecognized arguments: --explain-deselections --explain-deselections-format --explain-deselections-output --explain-deselections-max-nodeids
  inifile: None
  rootdir: /tmp/pytest-of-root/pytest-2/test_explain_deselections_json_nodeids_respects_max_nodeids0

__ test_explain_deselections_text_output_multiple_lines_for_multiple_reasons ___

pytester = <Pytester PosixPath('/tmp/pytest-of-root/pytest-2/test_explain_deselections_text_output_multiple_lines_for_multiple_reasons0')>

    def test_explain_deselections_text_output_multiple_lines_for_multiple_reasons(pytester):
        pytester.makepyfile(
            test_ml="""
            import pytest
    
            @pytest.mark.fast
            def test_fast_keep():
                assert True
    
            def test_slow_keep():
                assert True
    
            @pytest.mark.fast
            def test_fast_drop():
                assert True
            """
        )
        out = pytester.path / "multi.txt"
        result = pytester.runpytest(
            "--explain-deselections",
            "--explain-deselections-output",
            str(out) + ":text",
            "-q",
            "-m",
            "fast",
            "-k",
            "keep",
        )
>       assert result.ret == 0
E       assert <ExitCode.USAGE_ERROR: 4> == 0
E        +  where <ExitCode.USAGE_ERROR: 4> = <RunResult ret=4 len(stdout.lines)=0 len(stderr.lines)=5 duration=0.01s>.ret

/app/testing/test_deselection_diagnostics.py:891: AssertionError
----------------------------- Captured stderr call -----------------------------
ERROR: usage: __main__.py [options] [file_or_dir] [file_or_dir] [...]
__main__.py: error: unrecognized arguments: --explain-deselections --explain-deselections-output
  inifile: None
  rootdir: /tmp/pytest-of-root/pytest-2/test_explain_deselections_text_output_multiple_lines_for_multiple_reasons0

___________ test_explain_deselections_multiple_output_files_written ____________

pytester = <Pytester PosixPath('/tmp/pytest-of-root/pytest-2/test_explain_deselections_multiple_output_files_written0')>

    def test_explain_deselections_multiple_output_files_written(pytester):
        pytester.makepyfile(
            test_mo="""
            def test_keep():
                assert True
    
            def test_drop():
                assert True
            """
        )
        out1 = pytester.path / "a.txt"
        out2 = pytester.path / "b.txt"
        result = pytester.runpytest(
            "--explain-deselections",
            "--explain-deselections-output",
            str(out1) + ":text",
            "--explain-deselections-output",
            str(out2) + ":text",
            "-q",
            "-k",
            "keep",
        )
>       assert result.ret == 0
E       assert <ExitCode.USAGE_ERROR: 4> == 0
E        +  where <ExitCode.USAGE_ERROR: 4> = <RunResult ret=4 len(stdout.lines)=0 len(stderr.lines)=5 duration=0.01s>.ret

/app/testing/test_deselection_diagnostics.py:918: AssertionError
----------------------------- Captured stderr call -----------------------------
ERROR: usage: __main__.py [options] [file_or_dir] [file_or_dir] [...]
__main__.py: error: unrecognized arguments: --explain-deselections --explain-deselections-output --explain-deselections-output
  inifile: None
  rootdir: /tmp/pytest-of-root/pytest-2/test_explain_deselections_multiple_output_files_written0

________ test_explain_deselections_output_format_override_json_and_text ________

pytester = <Pytester PosixPath('/tmp/pytest-of-root/pytest-2/test_explain_deselections_output_format_override_json_and_text0')>

    def test_explain_deselections_output_format_override_json_and_text(pytester):
        pytester.makepyfile(
            test_of="""
            def test_keep():
                assert True
    
            def test_drop():
                assert True
            """
        )
        out_json = pytester.path / "o.json"
        out_txt = pytester.path / "o.txt"
        result = pytester.runpytest(
            "--explain-deselections",
            "--explain-deselections-output",
            str(out_json) + ":json",
            "--explain-deselections-output",
            str(out_txt) + ":text",
            "-q",
            "-k",
            "keep",
        )
>       assert result.ret == 0
E       assert <ExitCode.USAGE_ERROR: 4> == 0
E        +  where <ExitCode.USAGE_ERROR: 4> = <RunResult ret=4 len(stdout.lines)=0 len(stderr.lines)=5 duration=0.01s>.ret

/app/testing/test_deselection_diagnostics.py:947: AssertionError
----------------------------- Captured stderr call -----------------------------
ERROR: usage: __main__.py [options] [file_or_dir] [file_or_dir] [...]
__main__.py: error: unrecognized arguments: --explain-deselections --explain-deselections-output --explain-deselections-output
  inifile: None
  rootdir: /tmp/pytest-of-root/pytest-2/test_explain_deselections_output_format_override_json_and_text0

_________ test_explain_deselections_output_dash_writes_text_to_stdout __________

pytester = <Pytester PosixPath('/tmp/pytest-of-root/pytest-2/test_explain_deselections_output_dash_writes_text_to_stdout0')>

    def test_explain_deselections_output_dash_writes_text_to_stdout(pytester):
        pytester.makepyfile(
            test_dash="""
            def test_keep():
                assert True
    
            def test_drop():
                assert True
            """
        )
        result = pytester.runpytest(
            "--explain-deselections",
            "--explain-deselections-output",
            "-",
            "-q",
            "-k",
            "keep",
        )
>       assert result.ret == 0
E       assert <ExitCode.USAGE_ERROR: 4> == 0
E        +  where <ExitCode.USAGE_ERROR: 4> = <RunResult ret=4 len(stdout.lines)=0 len(stderr.lines)=5 duration=0.01s>.ret

/app/testing/test_deselection_diagnostics.py:972: AssertionError
----------------------------- Captured stderr call -----------------------------
ERROR: usage: __main__.py [options] [file_or_dir] [file_or_dir] [...]
__main__.py: error: unrecognized arguments: --explain-deselections --explain-deselections-output
  inifile: None
  rootdir: /tmp/pytest-of-root/pytest-2/test_explain_deselections_output_dash_writes_text_to_stdout0

_____________ test_explain_deselections_junit_properties_attached ______________

pytester = <Pytester PosixPath('/tmp/pytest-of-root/pytest-2/test_explain_deselections_junit_properties_attached0')>

    def test_explain_deselections_junit_properties_attached(pytester):
        pytester.makepyfile(
            test_jp="""
            def test_keep():
                assert True
    
            def test_drop():
                assert True
            """
        )
        xmlpath = pytester.path / "out.xml"
        result = pytester.runpytest(
            "--junitxml",
            str(xmlpath),
            "--explain-deselections",
            "--explain-deselections-junit",
            "properties",
            "-q",
            "-k",
            "keep",
        )
>       assert result.ret == 0
E       assert <ExitCode.USAGE_ERROR: 4> == 0
E        +  where <ExitCode.USAGE_ERROR: 4> = <RunResult ret=4 len(stdout.lines)=0 len(stderr.lines)=5 duration=0.01s>.ret

/app/testing/test_deselection_diagnostics.py:998: AssertionError
----------------------------- Captured stderr call -----------------------------
ERROR: usage: __main__.py [options] [file_or_dir] [file_or_dir] [...]
__main__.py: error: unrecognized arguments: --explain-deselections --explain-deselections-junit
  inifile: None
  rootdir: /tmp/pytest-of-root/pytest-2/test_explain_deselections_junit_properties_attached0

_____ test_explain_deselections_junit_distinct_reasons_same_sanitized_key ______

pytester = <Pytester PosixPath('/tmp/pytest-of-root/pytest-2/test_explain_deselections_junit_distinct_reasons_same_sanitized_key0')>

    def test_explain_deselections_junit_distinct_reasons_same_sanitized_key(pytester):
        dir1 = pytester.path / "grp!"
        dir2 = pytester.path / "grp@"
        dir1.mkdir()
        dir2.mkdir()
        (dir1 / "test_x.py").write_text("def test_a():\n    pass\n", encoding="utf-8")
        (dir2 / "test_x.py").write_text("def test_a():\n    pass\n", encoding="utf-8")
        xmlpath = pytester.path / "collision.xml"
        result = pytester.runpytest(
            "--import-mode=importlib",
            "--junitxml",
            str(xmlpath),
            "--explain-deselections",
            "--explain-deselections-junit",
            "properties",
            "-q",
            "--deselect",
            "grp!/test_x.py::test_a",
            "--deselect",
            "grp@/test_x.py::test_a",
        )
>       assert result.ret == ExitCode.NO_TESTS_COLLECTED
E       assert <ExitCode.USAGE_ERROR: 4> == <ExitCode.NO_TESTS_COLLECTED: 5>
E        +  where <ExitCode.USAGE_ERROR: 4> = <RunResult ret=4 len(stdout.lines)=0 len(stderr.lines)=5 duration=0.01s>.ret
E        +  and   <ExitCode.NO_TESTS_COLLECTED: 5> = ExitCode.NO_TESTS_COLLECTED

/app/testing/test_deselection_diagnostics.py:1042: AssertionError
----------------------------- Captured stderr call -----------------------------
ERROR: usage: __main__.py [options] [file_or_dir] [file_or_dir] [...]
__main__.py: error: unrecognized arguments: --explain-deselections --explain-deselections-junit
  inifile: None
  rootdir: /tmp/pytest-of-root/pytest-2/test_explain_deselections_junit_distinct_reasons_same_sanitized_key0

_____________ test_explain_deselections_junit_system_out_attached ______________

pytester = <Pytester PosixPath('/tmp/pytest-of-root/pytest-2/test_explain_deselections_junit_system_out_attached0')>

    def test_explain_deselections_junit_system_out_attached(pytester):
        pytester.makepyfile(
            test_js="""
            def test_keep():
                assert True
    
            def test_drop():
                assert True
            """
        )
        xmlpath = pytester.path / "out2.xml"
        result = pytester.runpytest(
            "--junitxml",
            str(xmlpath),
            "--explain-deselections",
            "--explain-deselections-junit",
            "system-out",
            "-q",
            "-k",
            "keep",
        )
>       assert result.ret == 0
E       assert <ExitCode.USAGE_ERROR: 4> == 0
E        +  where <ExitCode.USAGE_ERROR: 4> = <RunResult ret=4 len(stdout.lines)=0 len(stderr.lines)=5 duration=0.01s>.ret

/app/testing/test_deselection_diagnostics.py:1081: AssertionError
----------------------------- Captured stderr call -----------------------------
ERROR: usage: __main__.py [options] [file_or_dir] [file_or_dir] [...]
__main__.py: error: unrecognized arguments: --explain-deselections --explain-deselections-junit
  inifile: None
  rootdir: /tmp/pytest-of-root/pytest-2/test_explain_deselections_junit_system_out_attached0

_____________ test_explain_deselections_junit_none_does_not_attach _____________

pytester = <Pytester PosixPath('/tmp/pytest-of-root/pytest-2/test_explain_deselections_junit_none_does_not_attach0')>

    def test_explain_deselections_junit_none_does_not_attach(pytester):
        pytester.makepyfile(
            test_jn="""
            def test_keep():
                assert True
    
            def test_drop():
                assert True
            """
        )
        xmlpath = pytester.path / "none.xml"
        result = pytester.runpytest(
            "--junitxml",
            str(xmlpath),
            "--explain-deselections",
            "--explain-deselections-junit",
            "none",
            "-q",
            "-k",
            "keep",
        )
>       assert result.ret == 0
E       assert <ExitCode.USAGE_ERROR: 4> == 0
E        +  where <ExitCode.USAGE_ERROR: 4> = <RunResult ret=4 len(stdout.lines)=0 len(stderr.lines)=5 duration=0.01s>.ret

/app/testing/test_deselection_diagnostics.py:1115: AssertionError
----------------------------- Captured stderr call -----------------------------
ERROR: usage: __main__.py [options] [file_or_dir] [file_or_dir] [...]
__main__.py: error: unrecognized arguments: --explain-deselections --explain-deselections-junit
  inifile: None
  rootdir: /tmp/pytest-of-root/pytest-2/test_explain_deselections_junit_none_does_not_attach0

_____ test_explain_deselections_json_output_to_stdout_only_is_usage_error ______

pytester = <Pytester PosixPath('/tmp/pytest-of-root/pytest-2/test_explain_deselections_json_output_to_stdout_only_is_usage_error0')>

    def test_explain_deselections_json_output_to_stdout_only_is_usage_error(pytester):
        pytester.makepyfile(
            test_jsout="""
            def test_keep():
                assert True
    
            def test_drop():
                assert True
            """
        )
        result = pytester.runpytest(
            "--explain-deselections",
            "--explain-deselections-format",
            "json",
            "--explain-deselections-output",
            "-",
            "-q",
            "-k",
            "keep",
        )
        assert result.ret != 0
>       assert "requires --explain-deselections-output" in result.stderr.str()
E       AssertionError: assert 'requires --explain-deselections-output' in 'ERROR: usage: __main__.py [options] [file_or_dir] [file_or_dir] [...]\n__main__.py: error: unrecognized arguments: --...: None\n  rootdir: /tmp/pytest-of-root/pytest-2/test_explain_deselections_json_output_to_stdout_only_is_usage_error0\n'
E        +  where 'ERROR: usage: __main__.py [options] [file_or_dir] [file_or_dir] [...]\n__main__.py: error: unrecognized arguments: --...: None\n  rootdir: /tmp/pytest-of-root/pytest-2/test_explain_deselections_json_output_to_stdout_only_is_usage_error0\n' = str()
E        +    where str = <_pytest.pytester.LineMatcher object at 0x7effc1a33a10>.str
E        +      where <_pytest.pytester.LineMatcher object at 0x7effc1a33a10> = <RunResult ret=4 len(stdout.lines)=0 len(stderr.lines)=5 duration=0.01s>.stderr

/app/testing/test_deselection_diagnostics.py:1153: AssertionError
----------------------------- Captured stderr call -----------------------------
ERROR: usage: __main__.py [options] [file_or_dir] [file_or_dir] [...]
__main__.py: error: unrecognized arguments: --explain-deselections --explain-deselections-format --explain-deselections-output
  inifile: None
  rootdir: /tmp/pytest-of-root/pytest-2/test_explain_deselections_json_output_to_stdout_only_is_usage_error0

_____ test_explain_deselections_text_output_matches_terminal_lines_subset ______

pytester = <Pytester PosixPath('/tmp/pytest-of-root/pytest-2/test_explain_deselections_text_output_matches_terminal_lines_subset0')>

    def test_explain_deselections_text_output_matches_terminal_lines_subset(pytester):
        pytester.makepyfile(
            test_m="""
            def test_keep():
                assert True
    
            def test_drop():
                assert True
            """
        )
        out = pytester.path / "match.txt"
        result = pytester.runpytest(
            "--explain-deselections",
            "--explain-deselections-output",
            str(out) + ":text",
            "-q",
            "-k",
            "keep",
        )
>       assert result.ret == 0
E       assert <ExitCode.USAGE_ERROR: 4> == 0
E        +  where <ExitCode.USAGE_ERROR: 4> = <RunResult ret=4 len(stdout.lines)=0 len(stderr.lines)=5 duration=0.01s>.ret

/app/testing/test_deselection_diagnostics.py:1175: AssertionError
----------------------------- Captured stderr call -----------------------------
ERROR: usage: __main__.py [options] [file_or_dir] [file_or_dir] [...]
__main__.py: error: unrecognized arguments: --explain-deselections --explain-deselections-output
  inifile: None
  rootdir: /tmp/pytest-of-root/pytest-2/test_explain_deselections_text_output_matches_terminal_lines_subset0

________ test_explain_deselections_json_nodeids_sorted_is_deterministic ________

pytester = <Pytester PosixPath('/tmp/pytest-of-root/pytest-2/test_explain_deselections_json_nodeids_sorted_is_deterministic0')>

    def test_explain_deselections_json_nodeids_sorted_is_deterministic(pytester):
        pytester.makepyfile(
            test_d="""
            def test_keep():
                assert True
    
            def test_drop_z():
                assert True
    
            def test_drop_a():
                assert True
            """
        )
        out = pytester.path / "det.json"
        args = (
            "--explain-deselections",
            "--explain-deselections-format",
            "json",
            "--explain-deselections-output",
            str(out),
            "--explain-deselections-max-nodeids",
            "2",
            "--explain-deselections-nodeids-order",
            "sorted",
            "-q",
            "-k",
            "keep",
        )
        result1 = pytester.runpytest(*args)
>       assert result1.ret == 0
E       assert <ExitCode.USAGE_ERROR: 4> == 0
E        +  where <ExitCode.USAGE_ERROR: 4> = <RunResult ret=4 len(stdout.lines)=0 len(stderr.lines)=5 duration=0.01s>.ret

/app/testing/test_deselection_diagnostics.py:1211: AssertionError
----------------------------- Captured stderr call -----------------------------
ERROR: usage: __main__.py [options] [file_or_dir] [file_or_dir] [...]
__main__.py: error: unrecognized arguments: --explain-deselections --explain-deselections-format --explain-deselections-output --explain-deselections-max-nodeids --explain-deselections-nodeids-order
  inifile: None
  rootdir: /tmp/pytest-of-root/pytest-2/test_explain_deselections_json_nodeids_sorted_is_deterministic0

____________ test_explain_deselections_text_output_is_deterministic ____________

pytester = <Pytester PosixPath('/tmp/pytest-of-root/pytest-2/test_explain_deselections_text_output_is_deterministic0')>

    def test_explain_deselections_text_output_is_deterministic(pytester):
        pytester.makepyfile(
            test_d2="""
            def test_keep():
                assert True
    
            def test_drop():
                assert True
            """
        )
        out = pytester.path / "det.txt"
        args = (
            "--explain-deselections",
            "--explain-deselections-output",
            str(out) + ":text",
            "--explain-deselections-sort-by", "reason",
            "-q",
            "-k",
            "keep",
        )
        r1 = pytester.runpytest(*args)
>       assert r1.ret == 0
E       assert <ExitCode.USAGE_ERROR: 4> == 0
E        +  where <ExitCode.USAGE_ERROR: 4> = <RunResult ret=4 len(stdout.lines)=0 len(stderr.lines)=5 duration=0.01s>.ret

/app/testing/test_deselection_diagnostics.py:1240: AssertionError
----------------------------- Captured stderr call -----------------------------
ERROR: usage: __main__.py [options] [file_or_dir] [file_or_dir] [...]
__main__.py: error: unrecognized arguments: --explain-deselections --explain-deselections-output --explain-deselections-sort-by
  inifile: None
  rootdir: /tmp/pytest-of-root/pytest-2/test_explain_deselections_text_output_is_deterministic0

__________ test_explain_deselections_deselect_reason_appears_in_json ___________

pytester = <Pytester PosixPath('/tmp/pytest-of-root/pytest-2/test_explain_deselections_deselect_reason_appears_in_json0')>

    def test_explain_deselections_deselect_reason_appears_in_json(pytester):
        pytester.makepyfile(
            test_de="""
            def test_a():
                assert True
    
            def test_b():
                assert True
            """
        )
        out = pytester.path / "deselect.json"
        result = pytester.runpytest(
            "--explain-deselections",
            "--explain-deselections-format",
            "json",
            "--explain-deselections-output",
            str(out),
            "-q",
            "--deselect",
            "test_de.py::test_b",
        )
>       assert result.ret == 0
E       assert <ExitCode.USAGE_ERROR: 4> == 0
E        +  where <ExitCode.USAGE_ERROR: 4> = <RunResult ret=4 len(stdout.lines)=0 len(stderr.lines)=5 duration=0.01s>.ret

/app/testing/test_deselection_diagnostics.py:1269: AssertionError
----------------------------- Captured stderr call -----------------------------
ERROR: usage: __main__.py [options] [file_or_dir] [file_or_dir] [...]
__main__.py: error: unrecognized arguments: --explain-deselections --explain-deselections-format --explain-deselections-output
  inifile: None
  rootdir: /tmp/pytest-of-root/pytest-2/test_explain_deselections_deselect_reason_appears_in_json0

________ test_explain_deselections_deselect_reason_appears_in_text_file ________

pytester = <Pytester PosixPath('/tmp/pytest-of-root/pytest-2/test_explain_deselections_deselect_reason_appears_in_text_file0')>

    def test_explain_deselections_deselect_reason_appears_in_text_file(pytester):
        pytester.makepyfile(
            test_de2="""
            def test_a():
                assert True
    
            def test_b():
                assert True
            """
        )
        out = pytester.path / "deselect.txt"
        result = pytester.runpytest(
            "--explain-deselections",
            "--explain-deselections-output",
            str(out) + ":text",
            "-q",
            "--deselect",
            "test_de2.py::test_b",
        )
>       assert result.ret == 0
E       assert <ExitCode.USAGE_ERROR: 4> == 0
E        +  where <ExitCode.USAGE_ERROR: 4> = <RunResult ret=4 len(stdout.lines)=0 len(stderr.lines)=5 duration=0.01s>.ret

/app/testing/test_deselection_diagnostics.py:1294: AssertionError
----------------------------- Captured stderr call -----------------------------
ERROR: usage: __main__.py [options] [file_or_dir] [file_or_dir] [...]
__main__.py: error: unrecognized arguments: --explain-deselections --explain-deselections-output
  inifile: None
  rootdir: /tmp/pytest-of-root/pytest-2/test_explain_deselections_deselect_reason_appears_in_text_file0

______ test_explain_deselections_multiple_deselects_have_multiple_reasons ______

pytester = <Pytester PosixPath('/tmp/pytest-of-root/pytest-2/test_explain_deselections_multiple_deselects_have_multiple_reasons0')>

    def test_explain_deselections_multiple_deselects_have_multiple_reasons(pytester):
        pytester.makepyfile(
            test_md="""
            def test_a():
                assert True
    
            def test_b():
                assert True
    
            def test_c():
                assert True
            """
        )
        out = pytester.path / "md.json"
        result = pytester.runpytest(
            "--explain-deselections",
            "--explain-deselections-format",
            "json",
            "--explain-deselections-output",
            str(out),
            "-q",
            "--deselect",
            "test_md.py::test_b",
            "--deselect",
            "test_md.py::test_c",
        )
>       assert result.ret == 0
E       assert <ExitCode.USAGE_ERROR: 4> == 0
E        +  where <ExitCode.USAGE_ERROR: 4> = <RunResult ret=4 len(stdout.lines)=0 len(stderr.lines)=5 duration=0.01s>.ret

/app/testing/test_deselection_diagnostics.py:1325: AssertionError
----------------------------- Captured stderr call -----------------------------
ERROR: usage: __main__.py [options] [file_or_dir] [file_or_dir] [...]
__main__.py: error: unrecognized arguments: --explain-deselections --explain-deselections-format --explain-deselections-output
  inifile: None
  rootdir: /tmp/pytest-of-root/pytest-2/test_explain_deselections_multiple_deselects_have_multiple_reasons0

________ test_explain_deselections_multiple_reasons_counts_are_positive ________

pytester = <Pytester PosixPath('/tmp/pytest-of-root/pytest-2/test_explain_deselections_multiple_reasons_counts_are_positive0')>

    def test_explain_deselections_multiple_reasons_counts_are_positive(pytester):
        pytester.makepyfile(
            test_mp="""
            import pytest
    
            @pytest.mark.fast
            def test_fast_keep():
                assert True
    
            def test_slow_keep():
                assert True
    
            def test_slow_drop():
                assert True
            """
        )
        out = pytester.path / "pos.json"
        result = pytester.runpytest(
            "--explain-deselections",
            "--explain-deselections-format",
            "json",
            "--explain-deselections-output",
            str(out),
            "-q",
            "-m",
            "fast",
            "-k",
            "keep",
        )
>       assert result.ret == 0
E       assert <ExitCode.USAGE_ERROR: 4> == 0
E        +  where <ExitCode.USAGE_ERROR: 4> = <RunResult ret=4 len(stdout.lines)=0 len(stderr.lines)=5 duration=0.01s>.ret

/app/testing/test_deselection_diagnostics.py:1361: AssertionError
----------------------------- Captured stderr call -----------------------------
ERROR: usage: __main__.py [options] [file_or_dir] [file_or_dir] [...]
__main__.py: error: unrecognized arguments: --explain-deselections --explain-deselections-format --explain-deselections-output
  inifile: None
  rootdir: /tmp/pytest-of-root/pytest-2/test_explain_deselections_multiple_reasons_counts_are_positive0

_______________ test_explain_deselections_output_path_in_subdir ________________

pytester = <Pytester PosixPath('/tmp/pytest-of-root/pytest-2/test_explain_deselections_output_path_in_subdir0')>

    def test_explain_deselections_output_path_in_subdir(pytester):
        pytester.makepyfile(
            test_sd="""
            def test_keep():
                assert True
    
            def test_drop():
                assert True
            """
        )
        out = pytester.path / "sub" / "out.json"
        result = pytester.runpytest(
            "--explain-deselections",
            "--explain-deselections-format",
            "json",
            "--explain-deselections-output",
            str(out),
            "-q",
            "-k",
            "keep",
        )
>       assert result.ret == 0
E       assert <ExitCode.USAGE_ERROR: 4> == 0
E        +  where <ExitCode.USAGE_ERROR: 4> = <RunResult ret=4 len(stdout.lines)=0 len(stderr.lines)=5 duration=0.01s>.ret

/app/testing/test_deselection_diagnostics.py:1387: AssertionError
----------------------------- Captured stderr call -----------------------------
ERROR: usage: __main__.py [options] [file_or_dir] [file_or_dir] [...]
__main__.py: error: unrecognized arguments: --explain-deselections --explain-deselections-format --explain-deselections-output
  inifile: None
  rootdir: /tmp/pytest-of-root/pytest-2/test_explain_deselections_output_path_in_subdir0

_____________ test_explain_deselections_text_output_path_in_subdir _____________

pytester = <Pytester PosixPath('/tmp/pytest-of-root/pytest-2/test_explain_deselections_text_output_path_in_subdir0')>

    def test_explain_deselections_text_output_path_in_subdir(pytester):
        pytester.makepyfile(
            test_sd2="""
            def test_keep():
                assert True
    
            def test_drop():
                assert True
            """
        )
        out = pytester.path / "subt" / "out.txt"
        result = pytester.runpytest(
            "--explain-deselections",
            "--explain-deselections-output",
            str(out) + ":text",
            "-q",
            "-k",
            "keep",
        )
>       assert result.ret == 0
E       assert <ExitCode.USAGE_ERROR: 4> == 0
E        +  where <ExitCode.USAGE_ERROR: 4> = <RunResult ret=4 len(stdout.lines)=0 len(stderr.lines)=5 duration=0.01s>.ret

/app/testing/test_deselection_diagnostics.py:1410: AssertionError
----------------------------- Captured stderr call -----------------------------
ERROR: usage: __main__.py [options] [file_or_dir] [file_or_dir] [...]
__main__.py: error: unrecognized arguments: --explain-deselections --explain-deselections-output
  inifile: None
  rootdir: /tmp/pytest-of-root/pytest-2/test_explain_deselections_text_output_path_in_subdir0

__________ test_explain_deselections_output_file_overwrites_previous ___________

pytester = <Pytester PosixPath('/tmp/pytest-of-root/pytest-2/test_explain_deselections_output_file_overwrites_previous0')>

    def test_explain_deselections_output_file_overwrites_previous(pytester):
        pytester.makepyfile(
            test_ow="""
            def test_keep():
                assert True
    
            def test_drop():
                assert True
            """
        )
        out = pytester.path / "overwrite.txt"
        out.write_text("old\n", encoding="utf-8")
        result = pytester.runpytest(
            "--explain-deselections",
            "--explain-deselections-output",
            str(out) + ":text",
            "-q",
            "-k",
            "keep",
        )
>       assert result.ret == 0
E       assert <ExitCode.USAGE_ERROR: 4> == 0
E        +  where <ExitCode.USAGE_ERROR: 4> = <RunResult ret=4 len(stdout.lines)=0 len(stderr.lines)=5 duration=0.01s>.ret

/app/testing/test_deselection_diagnostics.py:1434: AssertionError
----------------------------- Captured stderr call -----------------------------
ERROR: usage: __main__.py [options] [file_or_dir] [file_or_dir] [...]
__main__.py: error: unrecognized arguments: --explain-deselections --explain-deselections-output
  inifile: None
  rootdir: /tmp/pytest-of-root/pytest-2/test_explain_deselections_output_file_overwrites_previous0

__________ test_explain_deselections_json_output_overwrites_previous ___________

pytester = <Pytester PosixPath('/tmp/pytest-of-root/pytest-2/test_explain_deselections_json_output_overwrites_previous0')>

    def test_explain_deselections_json_output_overwrites_previous(pytester):
        pytester.makepyfile(
            test_ow2="""
            def test_keep():
                assert True
    
            def test_drop():
                assert True
            """
        )
        out = pytester.path / "overwrite.json"
        out.write_text("{}\n", encoding="utf-8")
        result = pytester.runpytest(
            "--explain-deselections",
            "--explain-deselections-format",
            "json",
            "--explain-deselections-output",
            str(out),
            "-q",
            "-k",
            "keep",
        )
>       assert result.ret == 0
E       assert <ExitCode.USAGE_ERROR: 4> == 0
E        +  where <ExitCode.USAGE_ERROR: 4> = <RunResult ret=4 len(stdout.lines)=0 len(stderr.lines)=5 duration=0.01s>.ret

/app/testing/test_deselection_diagnostics.py:1460: AssertionError
----------------------------- Captured stderr call -----------------------------
ERROR: usage: __main__.py [options] [file_or_dir] [file_or_dir] [...]
__main__.py: error: unrecognized arguments: --explain-deselections --explain-deselections-format --explain-deselections-output
  inifile: None
  rootdir: /tmp/pytest-of-root/pytest-2/test_explain_deselections_json_output_overwrites_previous0

________ test_explain_deselections_terminal_has_no_lines_when_disabled _________

pytester = <Pytester PosixPath('/tmp/pytest-of-root/pytest-2/test_explain_deselections_terminal_has_no_lines_when_disabled0')>

    def test_explain_deselections_terminal_has_no_lines_when_disabled(pytester):
        pytester.makepyfile(
            test_off="""
            def test_keep():
                assert True
    
            def test_drop():
                assert True
            """
        )
        result = pytester.runpytest("-q", "-k", "keep")
        assert result.ret == 0
        assert "deselected by -k" not in result.stdout.str()
>       assert "--explain-deselections" in pytester.runpytest("--help").stdout.str()
E       assert '--explain-deselections' in "usage: __main__.py [options] [file_or_dir] [file_or_dir] [...]\n\npositional arguments:\n  file_or_dir\n\ngeneral:\n ...o specified file_or_dir or current dir if not specified; fixtures with leading '_' are only shown with the '-v' option"
E        +  where "usage: __main__.py [options] [file_or_dir] [file_or_dir] [...]\n\npositional arguments:\n  file_or_dir\n\ngeneral:\n ...o specified file_or_dir or current dir if not specified; fixtures with leading '_' are only shown with the '-v' option" = str()
E        +    where str = <_pytest.pytester.LineMatcher object at 0x7effc1820860>.str
E        +      where <_pytest.pytester.LineMatcher object at 0x7effc1820860> = <RunResult ret=0 len(stdout.lines)=355 len(stderr.lines)=0 duration=0.01s>.stdout
E        +        where <RunResult ret=0 len(stdout.lines)=355 len(stderr.lines)=0 duration=0.01s> = runpytest('--help')
E        +          where runpytest = <Pytester PosixPath('/tmp/pytest-of-root/pytest-2/test_explain_deselections_terminal_has_no_lines_when_disabled0')>.runpytest

/app/testing/test_deselection_diagnostics.py:1477: AssertionError
----------------------------- Captured stdout call -----------------------------
.                                                                        [100%]
1 passed, 1 deselected in 0.00s
usage: __main__.py [options] [file_or_dir] [file_or_dir] [...]

positional arguments:
  file_or_dir

general:
  -k EXPRESSION         Only run tests which match the given substring
                        expression. An expression is a Python evaluable
                        expression where all names are substring-matched against
                        test names and their parent classes. Example: -k
                        'test_method or test_other' matches all test functions
                        and classes whose name contains 'test_method' or
                        'test_other', while -k 'not test_method' matches those
                        that don't contain 'test_method' in their names. -k 'not
                        test_method and not test_other' will eliminate the
                        matches. Additionally keywords are matched to classes
                        and functions containing extra names in their
                        'extra_keyword_matches' set, as well as functions which
                        have names assigned directly to them. The matching is
                        case-insensitive.
  -m MARKEXPR           Only run tests matching given mark expression. For
                        example: -m 'mark1 and not mark2'.
  --markers             show markers (builtin, plugin and per-project ones).
  -x, --exitfirst       Exit instantly on first error or failed test
  --maxfail=num         Exit after first num failures or errors
  --strict-config       Enables the strict_config option
  --strict-markers      Enables the strict_markers option
  --strict              Enables the strict option
  --fixtures, --funcargs
                        Show available fixtures, sorted by plugin appearance
                        (fixtures with leading '_' are only shown with '-v')
  --fixtures-per-test   Show fixtures per test
  --pdb                 Start the interactive Python debugger on errors or
                        KeyboardInterrupt
  --pdbcls=modulename:classname
                        Specify a custom interactive Python debugger for use
                        with --pdb.For example:
                        --pdbcls=IPython.terminal.debugger:TerminalPdb
  --trace               Immediately break when running each test
  --capture=method      Per-test capturing method: one of fd|sys|no|tee-sys
  -s                    Shortcut for --capture=no
  --runxfail            Report the results of xfail tests as if they were not
                        marked
  --lf, --last-failed   Rerun only the tests that failed at the last run (or all
                        if none failed)
  --ff, --failed-first  Run all tests, but run the last failures first. This may
                        re-order tests and thus lead to repeated fixture
                        setup/teardown.
  --nf, --new-first     Run tests from new files first, then the rest of the
                        tests sorted by file mtime
  --cache-show=[CACHESHOW]
                        Show cache contents, don't perform collection or tests.
                        Optional argument: glob (default: '*').
  --cache-clear         Remove all cache contents at start of test run
  --lfnf={all,none}, --last-failed-no-failures={all,none}
                        With ``--lf``, determines whether to execute tests when
                        there are no previously (known) failures or when no
                        cached ``lastfailed`` data was found. ``all`` (the
                        default) runs the full test suite again. ``none`` just
                        emits a message about no known failures and exits
                        successfully.
  --sw, --stepwise      Exit on test failure and continue from last failing test
                        next time
  --sw-skip, --stepwise-skip
                        Ignore the first failing test but stop on the next
                        failing test. Implicitly enables --stepwise.
  --sw-reset, --stepwise-reset
                        Resets stepwise state, restarting the stepwise workflow.
                        Implicitly enables --stepwise.

Reporting:
  --durations=N         Show N slowest setup/test durations (N=0 for all)
  --durations-min=N     Minimal duration in seconds for inclusion in slowest
                        list. Default: 0.005 (or 0.0 if -vv is given).
  -v, --verbose         Increase verbosity
  --no-header           Disable header
  --no-summary          Disable summary
  --no-fold-skipped     Do not fold skipped tests in short summary.
  --force-short-summary
                        Force condensed summary output regardless of verbosity
                        level.
  -q, --quiet           Decrease verbosity
  --verbosity=VERBOSE   Set verbosity. Default: 0.
  -r chars, --report-chars=chars
                        Show extra test summary info as specified by chars:
                        (f)ailed, (E)rror, (s)kipped, (x)failed, (X)passed,
                        (p)assed, (P)assed with output, (a)ll except passed
                        (p/P), or (A)ll. (w)arnings are enabled by default (see
                        --disable-warnings), 'N' can be used to reset the list.
                        (default: 'fE').
  --disable-warnings, --disable-pytest-warnings
                        Disable warnings summary
  -l, --showlocals      Show locals in tracebacks (disabled by default)
  --no-showlocals       Hide locals in tracebacks (negate --showlocals passed
                        through addopts)
  --tb=style            Traceback print mode (auto/long/short/line/native/no)
  --xfail-tb            Show tracebacks for xfail (as long as --tb != no)
  --show-capture={no,stdout,stderr,log,all}
                        Controls how captured stdout/stderr/log is shown on
                        failed tests. Default: all.
  --full-trace          Don't cut any tracebacks (default is to cut)
  --color=color         Color terminal output (yes/no/auto)
  --code-highlight={yes,no}
                        Whether code should be highlighted (only if --color is
                        also enabled). Default: yes.
  --pastebin=mode       Send failed|all info to bpaste.net pastebin service
  --junit-xml=path      Create junit-xml style report file at given path
  --junit-prefix=str    Prepend prefix to classnames in junit-xml output

pytest-warnings:
  -W PYTHONWARNINGS, --pythonwarnings=PYTHONWARNINGS
                        Set which warnings to report, see -W option of Python
                        itself

collection:
  --collect-only, --co  Only collect tests, don't execute them
  --pyargs              Try to interpret all arguments as Python packages
  --ignore=path         Ignore path during collection (multi-allowed)
  --ignore-glob=path    Ignore path pattern during collection (multi-allowed)
  --deselect=nodeid_prefix
                        Deselect item (via node id prefix) during collection
                        (multi-allowed)
  --confcutdir=dir      Only load conftest.py's relative to specified dir
  --noconftest          Don't load any conftest.py files
  --keep-duplicates     Keep duplicate tests
  --collect-in-virtualenv
                        Don't ignore tests in a local virtualenv directory
  --continue-on-collection-errors
                        Force test execution even if collection errors occur
  --import-mode={prepend,append,importlib}
                        Prepend/append to sys.path when importing test modules
                        and conftest files. Default: prepend.
  --doctest-modules     Run doctests in all .py modules
  --doctest-report={none,cdiff,ndiff,udiff,only_first_failure}
                        Choose another output format for diffs on doctest
                        failure
  --doctest-glob=pat    Doctests file matching pattern, default: test*.txt
  --doctest-ignore-import-errors
                        Ignore doctest collection errors
  --doctest-continue-on-failure
                        For a given doctest, continue to run after the first
                        failure

test session debugging and configuration:
  -c FILE, --config-file=FILE
                        Load configuration from `FILE` instead of trying to
                        locate one of the implicit configuration files.
  --rootdir=ROOTDIR     Define root directory for tests. Can be relative path:
                        'root_dir', './root_dir', 'root_dir/another_dir/';
                        absolute path: '/home/user/root_dir'; path with
                        variables: '$HOME/root_dir'.
  --basetemp=dir        Base temporary directory for this test run. (Warning:
                        this directory is removed if it exists.)
  -V, --version         Display pytest version and information about plugins.
                        When given twice, also display information about
                        plugins.
  -h, --help            Show help message and configuration info
  -p name               Early-load given plugin module name or entry point
                        (multi-allowed). To avoid loading of plugins, use the
                        `no:` prefix, e.g. `no:doctest`. See also --disable-
                        plugin-autoload.
  --disable-plugin-autoload
                        Disable plugin auto-loading through entry point
                        packaging metadata. Only plugins explicitly specified in
                        -p or env var PYTEST_PLUGINS will be loaded.
  --trace-config        Trace considerations of conftest.py files
  --debug=[DEBUG_FILE_NAME]
                        Store internal tracing debug information in this log
                        file. This file is opened with 'w' and truncated as a
                        result, care advised. Default: pytestdebug.log.
  -o OVERRIDE_INI, --override-ini=OVERRIDE_INI
                        Override configuration option with "option=value" style,
                        e.g. `-o strict_xfail=True -o cache_dir=cache`.
  --assert=MODE         Control assertion debugging tools.
                        'plain' performs no assertion debugging.
                        'rewrite' (the default) rewrites assert statements in
                        test modules on import to provide assert expression
                        information.
  --setup-only          Only setup fixtures, do not execute tests
  --setup-show          Show setup of fixtures while executing tests
  --setup-plan          Show what fixtures and tests would be executed but don't
                        execute anything

logging:
  --log-level=LEVEL     Level of messages to catch/display. Not set by default,
                        so it depends on the root/parent log handler's effective
                        level, where it is "WARNING" by default.
  --log-format=LOG_FORMAT
                        Log format used by the logging module
  --log-date-format=LOG_DATE_FORMAT
                        Log date format used by the logging module
  --log-cli-level=LOG_CLI_LEVEL
                        CLI logging level
  --log-cli-format=LOG_CLI_FORMAT
                        Log format used by the logging module
  --log-cli-date-format=LOG_CLI_DATE_FORMAT
                        Log date format used by the logging module
  --log-file=LOG_FILE   Path to a file when logging will be written to
  --log-file-mode={w,a}
                        Log file open mode
  --log-file-level=LOG_FILE_LEVEL
                        Log file logging level
  --log-file-format=LOG_FILE_FORMAT
                        Log format used by the logging module
  --log-file-date-format=LOG_FILE_DATE_FORMAT
                        Log date format used by the logging module
  --log-auto-indent=LOG_AUTO_INDENT
                        Auto-indent multiline messages passed to the logging
                        module. Accepts true|on, false|off or an integer.
  --log-disable=LOGGER_DISABLE
                        Disable a logger by name. Can be passed multiple times.

[pytest] configuration options in the first pytest.toml|pytest.ini|tox.ini|setup.cfg|pyproject.toml file found:

  markers (linelist):   Register new markers for test functions
  empty_parameter_set_mark (string):
                        Default marker for empty parametersets
  strict_config (bool): Any warnings encountered while parsing the `pytest`
                        section of the configuration file raise errors
  strict_markers (bool):
                        Markers not registered in the `markers` section of the
                        configuration file raise errors
  strict (bool):        Enables all strictness options, currently:
                        strict_config, strict_markers, strict_xfail,
                        strict_parametrization_ids
  filterwarnings (linelist):
                        Each line specifies a pattern for
                        warnings.filterwarnings. Processed after
                        -W/--pythonwarnings.
  norecursedirs (args): Directory patterns to avoid for recursion
  testpaths (args):     Directories to search for tests when no files or
                        directories are given on the command line
  collect_imported_tests (bool):
                        Whether to collect tests in imported modules outside
                        `testpaths`
  consider_namespace_packages (bool):
                        Consider namespace packages when resolving module names
                        during import
  usefixtures (args):   List of default fixtures to be used with this project
  python_files (args):  Glob-style file patterns for Python test module
                        discovery
  python_classes (args):
                        Prefixes or glob names for Python test class discovery
  python_functions (args):
                        Prefixes or glob names for Python test function and
                        method discovery
  disable_test_id_escaping_and_forfeit_all_rights_to_community_support (bool):
                        Disable string escape non-ASCII characters, might cause
                        unwanted side effects(use at your own risk)
  strict_parametrization_ids (bool):
                        Emit an error if non-unique parameter set IDs are
                        detected
  console_output_style (string):
                        Console output: "classic", or with additional progress
                        information ("progress" (percentage) | "count" |
                        "progress-even-when-capture-no" (forces progress even
                        when capture=no)
  verbosity_test_cases (string):
                        Specify a verbosity level for test case execution,
                        overriding the main level. Higher levels will provide
                        more detailed information about each test case executed.
  strict_xfail (bool):  Default for the strict parameter of xfail markers when
                        not given explicitly (default: False) (alias:
                        xfail_strict)
  tmp_path_retention_count (string):
                        How many sessions should we keep the `tmp_path`
                        directories, according to `tmp_path_retention_policy`.
  tmp_path_retention_policy (string):
                        Controls which directories created by the `tmp_path`
                        fixture are kept around, based on test outcome.
                        (all/failed/none)
  enable_assertion_pass_hook (bool):
                        Enables the pytest_assertion_pass hook. Make sure to
                        delete any previously generated pyc cache files.
  truncation_limit_lines (string):
                        Set threshold of LINES after which truncation will take
                        effect
  truncation_limit_chars (string):
                        Set threshold of CHARS after which truncation will take
                        effect
  verbosity_assertions (string):
                        Specify a verbosity level for assertions, overriding the
                        main level. Higher levels will provide more detailed
                        explanation when an assertion fails.
  junit_suite_name (string):
                        Test suite name for JUnit report
  junit_logging (string):
                        Write captured log messages to JUnit report: one of
                        no|log|system-out|system-err|out-err|all
  junit_log_passing_tests (bool):
                        Capture log information for passing tests to JUnit
                        report:
  junit_duration_report (string):
                        Duration time to report: one of total|call
  junit_family (string):
                        Emit XML for schema: one of legacy|xunit1|xunit2
  doctest_optionflags (args):
                        Option flags for doctests
  doctest_encoding (string):
                        Encoding used for doctest files
  cache_dir (string):   Cache directory path
  log_level (string):   Default value for --log-level
  log_format (string):  Default value for --log-format
  log_date_format (string):
                        Default value for --log-date-format
  log_cli (bool):       Enable log display during test run (also known as "live
                        logging")
  log_cli_level (string):
                        Default value for --log-cli-level
  log_cli_format (string):
                        Default value for --log-cli-format
  log_cli_date_format (string):
                        Default value for --log-cli-date-format
  log_file (string):    Default value for --log-file
  log_file_mode (string):
                        Default value for --log-file-mode
  log_file_level (string):
                        Default value for --log-file-level
  log_file_format (string):
                        Default value for --log-file-format
  log_file_date_format (string):
                        Default value for --log-file-date-format
  log_auto_indent (string):
                        Default value for --log-auto-indent
  faulthandler_timeout (string):
                        Dump the traceback of all threads if a test takes more
                        than TIMEOUT seconds to finish
  faulthandler_exit_on_timeout (bool):
                        Exit the test process if a test takes more than
                        faulthandler_timeout seconds to finish
  verbosity_subtests (string):
                        Specify verbosity level for subtests. Higher levels will
                        generate output for passed subtests. Failed subtests are
                        always reported.
  addopts (args):       Extra command line options
  minversion (string):  Minimally required pytest version
  pythonpath (paths):   Add paths to sys.path
  required_plugins (args):
                        Plugins that must be present for pytest to run

Environment variables:
  CI                       When set to a non-empty value, pytest knows it is running in a CI process and does not truncate summary info
  BUILD_NUMBER             Equivalent to CI
  PYTEST_ADDOPTS           Extra command line options
  PYTEST_PLUGINS           Comma-separated plugins to load during startup
  PYTEST_DISABLE_PLUGIN_AUTOLOAD Set to disable plugin auto-loading
  PYTEST_DEBUG             Set to enable debug tracing of pytest's internals
  PYTEST_DEBUG_TEMPROOT    Override the system temporary directory
  PYTEST_THEME             The Pygments style to use for code output
  PYTEST_THEME_MODE        Set the PYTEST_THEME to be either 'dark' or 'light'


to see available markers type: pytest --markers
to see available fixtures type: pytest --fixtures
(shown according to specified file_or_dir or current dir if not specified; fixtures with leading '_' are only shown with the '-v' option
__________ test_explain_deselections_terminal_has_lines_when_enabled ___________

pytester = <Pytester PosixPath('/tmp/pytest-of-root/pytest-2/test_explain_deselections_terminal_has_lines_when_enabled0')>

    def test_explain_deselections_terminal_has_lines_when_enabled(pytester):
        pytester.makepyfile(
            test_on="""
            def test_keep():
                assert True
    
            def test_drop():
                assert True
            """
        )
        result = pytester.runpytest("--explain-deselections", "-q", "-k", "keep")
>       assert result.ret == 0
E       assert <ExitCode.USAGE_ERROR: 4> == 0
E        +  where <ExitCode.USAGE_ERROR: 4> = <RunResult ret=4 len(stdout.lines)=0 len(stderr.lines)=5 duration=0.01s>.ret

/app/testing/test_deselection_diagnostics.py:1491: AssertionError
----------------------------- Captured stderr call -----------------------------
ERROR: usage: __main__.py [options] [file_or_dir] [file_or_dir] [...]
__main__.py: error: unrecognized arguments: --explain-deselections
  inifile: None
  rootdir: /tmp/pytest-of-root/pytest-2/test_explain_deselections_terminal_has_lines_when_enabled0

_______________ test_explain_deselections_marker_reason_in_json ________________

pytester = <Pytester PosixPath('/tmp/pytest-of-root/pytest-2/test_explain_deselections_marker_reason_in_json0')>

    def test_explain_deselections_marker_reason_in_json(pytester):
        pytester.makepyfile(
            test_mj="""
            import pytest
    
            @pytest.mark.fast
            def test_fast():
                assert True
    
            def test_slow():
                assert True
            """
        )
        out = pytester.path / "mark.json"
        result = pytester.runpytest(
            "--explain-deselections",
            "--explain-deselections-format",
            "json",
            "--explain-deselections-output",
            str(out),
            "-q",
            "-m",
            "fast",
        )
>       assert result.ret == 0
E       assert <ExitCode.USAGE_ERROR: 4> == 0
E        +  where <ExitCode.USAGE_ERROR: 4> = <RunResult ret=4 len(stdout.lines)=0 len(stderr.lines)=5 duration=0.02s>.ret

/app/testing/test_deselection_diagnostics.py:1519: AssertionError
----------------------------- Captured stderr call -----------------------------
ERROR: usage: __main__.py [options] [file_or_dir] [file_or_dir] [...]
__main__.py: error: unrecognized arguments: --explain-deselections --explain-deselections-format --explain-deselections-output
  inifile: None
  rootdir: /tmp/pytest-of-root/pytest-2/test_explain_deselections_marker_reason_in_json0

_______________ test_explain_deselections_marker_reason_in_text ________________

pytester = <Pytester PosixPath('/tmp/pytest-of-root/pytest-2/test_explain_deselections_marker_reason_in_text0')>

    def test_explain_deselections_marker_reason_in_text(pytester):
        pytester.makepyfile(
            test_mt="""
            import pytest
    
            @pytest.mark.fast
            def test_fast():
                assert True
    
            def test_slow():
                assert True
            """
        )
        out = pytester.path / "mark.txt"
        result = pytester.runpytest(
            "--explain-deselections",
            "--explain-deselections-output",
            str(out) + ":text",
            "-q",
            "-m",
            "fast",
        )
>       assert result.ret == 0
E       assert <ExitCode.USAGE_ERROR: 4> == 0
E        +  where <ExitCode.USAGE_ERROR: 4> = <RunResult ret=4 len(stdout.lines)=0 len(stderr.lines)=5 duration=0.01s>.ret

/app/testing/test_deselection_diagnostics.py:1546: AssertionError
----------------------------- Captured stderr call -----------------------------
ERROR: usage: __main__.py [options] [file_or_dir] [file_or_dir] [...]
__main__.py: error: unrecognized arguments: --explain-deselections --explain-deselections-output
  inifile: None
  rootdir: /tmp/pytest-of-root/pytest-2/test_explain_deselections_marker_reason_in_text0

__________________ test_explain_deselections_k_reason_in_json __________________

pytester = <Pytester PosixPath('/tmp/pytest-of-root/pytest-2/test_explain_deselections_k_reason_in_json0')>

    def test_explain_deselections_k_reason_in_json(pytester):
        pytester.makepyfile(
            test_kj="""
            def test_keep():
                assert True
    
            def test_drop():
                assert True
            """
        )
        out = pytester.path / "k.json"
        result = pytester.runpytest(
            "--explain-deselections",
            "--explain-deselections-format",
            "json",
            "--explain-deselections-output",
            str(out),
            "-q",
            "-k",
            "keep",
        )
>       assert result.ret == 0
E       assert <ExitCode.USAGE_ERROR: 4> == 0
E        +  where <ExitCode.USAGE_ERROR: 4> = <RunResult ret=4 len(stdout.lines)=0 len(stderr.lines)=5 duration=0.01s>.ret

/app/testing/test_deselection_diagnostics.py:1571: AssertionError
----------------------------- Captured stderr call -----------------------------
ERROR: usage: __main__.py [options] [file_or_dir] [file_or_dir] [...]
__main__.py: error: unrecognized arguments: --explain-deselections --explain-deselections-format --explain-deselections-output
  inifile: None
  rootdir: /tmp/pytest-of-root/pytest-2/test_explain_deselections_k_reason_in_json0

__________ test_explain_deselections_text_output_contains_only_lines ___________

pytester = <Pytester PosixPath('/tmp/pytest-of-root/pytest-2/test_explain_deselections_text_output_contains_only_lines0')>

    def test_explain_deselections_text_output_contains_only_lines(pytester):
        pytester.makepyfile(
            test_tl="""
            def test_keep():
                assert True
    
            def test_drop():
                assert True
            """
        )
        out = pytester.path / "only.txt"
        result = pytester.runpytest(
            "--explain-deselections",
            "--explain-deselections-output",
            str(out) + ":text",
            "-q",
            "-k",
            "keep",
        )
>       assert result.ret == 0
E       assert <ExitCode.USAGE_ERROR: 4> == 0
E        +  where <ExitCode.USAGE_ERROR: 4> = <RunResult ret=4 len(stdout.lines)=0 len(stderr.lines)=5 duration=0.01s>.ret

/app/testing/test_deselection_diagnostics.py:1597: AssertionError
----------------------------- Captured stderr call -----------------------------
ERROR: usage: __main__.py [options] [file_or_dir] [file_or_dir] [...]
__main__.py: error: unrecognized arguments: --explain-deselections --explain-deselections-output
  inifile: None
  rootdir: /tmp/pytest-of-root/pytest-2/test_explain_deselections_text_output_contains_only_lines0

_____ test_explain_deselections_text_output_has_one_line_for_single_reason _____

pytester = <Pytester PosixPath('/tmp/pytest-of-root/pytest-2/test_explain_deselections_text_output_has_one_line_for_single_reason0')>

    def test_explain_deselections_text_output_has_one_line_for_single_reason(pytester):
        pytester.makepyfile(
            test_1="""
            def test_keep():
                assert True
    
            def test_drop():
                assert True
            """
        )
        out = pytester.path / "one.txt"
        result = pytester.runpytest(
            "--explain-deselections",
            "--explain-deselections-output",
            str(out) + ":text",
            "-q",
            "-k",
            "keep",
        )
>       assert result.ret == 0
E       assert <ExitCode.USAGE_ERROR: 4> == 0
E        +  where <ExitCode.USAGE_ERROR: 4> = <RunResult ret=4 len(stdout.lines)=0 len(stderr.lines)=5 duration=0.01s>.ret

/app/testing/test_deselection_diagnostics.py:1621: AssertionError
----------------------------- Captured stderr call -----------------------------
ERROR: usage: __main__.py [options] [file_or_dir] [file_or_dir] [...]
__main__.py: error: unrecognized arguments: --explain-deselections --explain-deselections-output
  inifile: None
  rootdir: /tmp/pytest-of-root/pytest-2/test_explain_deselections_text_output_has_one_line_for_single_reason0

________ test_explain_deselections_json_one_reason_for_single_selector _________

pytester = <Pytester PosixPath('/tmp/pytest-of-root/pytest-2/test_explain_deselections_json_one_reason_for_single_selector0')>

    def test_explain_deselections_json_one_reason_for_single_selector(pytester):
        pytester.makepyfile(
            test_2="""
            def test_keep():
                assert True
    
            def test_drop():
                assert True
            """
        )
        out = pytester.path / "one.json"
        result = pytester.runpytest(
            "--explain-deselections",
            "--explain-deselections-format",
            "json",
            "--explain-deselections-output",
            str(out),
            "-q",
            "-k",
            "keep",
        )
>       assert result.ret == 0
E       assert <ExitCode.USAGE_ERROR: 4> == 0
E        +  where <ExitCode.USAGE_ERROR: 4> = <RunResult ret=4 len(stdout.lines)=0 len(stderr.lines)=5 duration=0.01s>.ret

/app/testing/test_deselection_diagnostics.py:1646: AssertionError
----------------------------- Captured stderr call -----------------------------
ERROR: usage: __main__.py [options] [file_or_dir] [file_or_dir] [...]
__main__.py: error: unrecognized arguments: --explain-deselections --explain-deselections-format --explain-deselections-output
  inifile: None
  rootdir: /tmp/pytest-of-root/pytest-2/test_explain_deselections_json_one_reason_for_single_selector0

_____________ test_explain_deselections_json_reason_field_nonempty _____________

pytester = <Pytester PosixPath('/tmp/pytest-of-root/pytest-2/test_explain_deselections_json_reason_field_nonempty0')>

    def test_explain_deselections_json_reason_field_nonempty(pytester):
        pytester.makepyfile(
            test_ne="""
            def test_keep():
                assert True
    
            def test_drop():
                assert True
            """
        )
        out = pytester.path / "nonempty.json"
        result = pytester.runpytest(
            "--explain-deselections",
            "--explain-deselections-format",
            "json",
            "--explain-deselections-output",
            str(out),
            "-q",
            "-k",
            "keep",
        )
>       assert result.ret == 0
E       assert <ExitCode.USAGE_ERROR: 4> == 0
E        +  where <ExitCode.USAGE_ERROR: 4> = <RunResult ret=4 len(stdout.lines)=0 len(stderr.lines)=5 duration=0.01s>.ret

/app/testing/test_deselection_diagnostics.py:1672: AssertionError
----------------------------- Captured stderr call -----------------------------
ERROR: usage: __main__.py [options] [file_or_dir] [file_or_dir] [...]
__main__.py: error: unrecognized arguments: --explain-deselections --explain-deselections-format --explain-deselections-output
  inifile: None
  rootdir: /tmp/pytest-of-root/pytest-2/test_explain_deselections_json_reason_field_nonempty0

_________ test_explain_deselections_text_output_reason_field_nonempty __________

pytester = <Pytester PosixPath('/tmp/pytest-of-root/pytest-2/test_explain_deselections_text_output_reason_field_nonempty0')>

    def test_explain_deselections_text_output_reason_field_nonempty(pytester):
        pytester.makepyfile(
            test_nt="""
            def test_keep():
                assert True
    
            def test_drop():
                assert True
            """
        )
        out = pytester.path / "nonempty.txt"
        result = pytester.runpytest(
            "--explain-deselections",
            "--explain-deselections-output",
            str(out) + ":text",
            "-q",
            "-k",
            "keep",
        )
>       assert result.ret == 0
E       assert <ExitCode.USAGE_ERROR: 4> == 0
E        +  where <ExitCode.USAGE_ERROR: 4> = <RunResult ret=4 len(stdout.lines)=0 len(stderr.lines)=5 duration=0.01s>.ret

/app/testing/test_deselection_diagnostics.py:1696: AssertionError
----------------------------- Captured stderr call -----------------------------
ERROR: usage: __main__.py [options] [file_or_dir] [file_or_dir] [...]
__main__.py: error: unrecognized arguments: --explain-deselections --explain-deselections-output
  inifile: None
  rootdir: /tmp/pytest-of-root/pytest-2/test_explain_deselections_text_output_reason_field_nonempty0

___________ test_explain_deselections_csv_format_has_header_and_rows ___________

pytester = <Pytester PosixPath('/tmp/pytest-of-root/pytest-2/test_explain_deselections_csv_format_has_header_and_rows0')>

    def test_explain_deselections_csv_format_has_header_and_rows(pytester):
        pytester.makepyfile(
            test_csv1="""
            def test_keep():
                assert True
    
            def test_drop():
                assert True
            """
        )
        out = pytester.path / "out.csv"
        result = pytester.runpytest(
            "--explain-deselections",
            "--explain-deselections-format",
            "csv",
            "--explain-deselections-output",
            str(out),
            "-q",
            "-k",
            "keep",
        )
>       assert result.ret == 0
E       assert <ExitCode.USAGE_ERROR: 4> == 0
E        +  where <ExitCode.USAGE_ERROR: 4> = <RunResult ret=4 len(stdout.lines)=0 len(stderr.lines)=5 duration=0.01s>.ret

/app/testing/test_deselection_diagnostics.py:1722: AssertionError
----------------------------- Captured stderr call -----------------------------
ERROR: usage: __main__.py [options] [file_or_dir] [file_or_dir] [...]
__main__.py: error: unrecognized arguments: --explain-deselections --explain-deselections-format --explain-deselections-output
  inifile: None
  rootdir: /tmp/pytest-of-root/pytest-2/test_explain_deselections_csv_format_has_header_and_rows0

_________ test_explain_deselections_csv_quotes_reason_containing_comma _________

pytester = <Pytester PosixPath('/tmp/pytest-of-root/pytest-2/test_explain_deselections_csv_quotes_reason_containing_comma0')>

    def test_explain_deselections_csv_quotes_reason_containing_comma(pytester):
        import csv as _csv
    
        group_dir = pytester.path / "grp,comma"
        group_dir.mkdir()
        (group_dir / "test_x.py").write_text("def test_a():\n    pass\n", encoding="utf-8")
        out = pytester.path / "comma.csv"
        result = pytester.runpytest(
            "--import-mode=importlib",
            "--explain-deselections",
            "--explain-deselections-format",
            "csv",
            "--explain-deselections-output",
            str(out),
            "-q",
            "--deselect",
            "grp,comma/test_x.py::test_a",
        )
>       assert result.ret in (0, 5)
E       assert <ExitCode.USAGE_ERROR: 4> in (0, 5)
E        +  where <ExitCode.USAGE_ERROR: 4> = <RunResult ret=4 len(stdout.lines)=0 len(stderr.lines)=5 duration=0.01s>.ret

/app/testing/test_deselection_diagnostics.py:1747: AssertionError
----------------------------- Captured stderr call -----------------------------
ERROR: usage: __main__.py [options] [file_or_dir] [file_or_dir] [...]
__main__.py: error: unrecognized arguments: --explain-deselections --explain-deselections-format --explain-deselections-output
  inifile: None
  rootdir: /tmp/pytest-of-root/pytest-2/test_explain_deselections_csv_quotes_reason_containing_comma0

__________ test_explain_deselections_csv_format_requires_file_output ___________

pytester = <Pytester PosixPath('/tmp/pytest-of-root/pytest-2/test_explain_deselections_csv_format_requires_file_output0')>

    def test_explain_deselections_csv_format_requires_file_output(pytester):
        pytester.makepyfile(
            test_csv2="""
            def test_a():
                assert True
            """
        )
        result = pytester.runpytest(
            "--explain-deselections",
            "--explain-deselections-format",
            "csv",
            "-q",
        )
        assert result.ret != 0
>       assert "requires --explain-deselections-output" in result.stderr.str()
E       AssertionError: assert 'requires --explain-deselections-output' in 'ERROR: usage: __main__.py [options] [file_or_dir] [file_or_dir] [...]\n__main__.py: error: unrecognized arguments: --...n  inifile: None\n  rootdir: /tmp/pytest-of-root/pytest-2/test_explain_deselections_csv_format_requires_file_output0\n'
E        +  where 'ERROR: usage: __main__.py [options] [file_or_dir] [file_or_dir] [...]\n__main__.py: error: unrecognized arguments: --...n  inifile: None\n  rootdir: /tmp/pytest-of-root/pytest-2/test_explain_deselections_csv_format_requires_file_output0\n' = str()
E        +    where str = <_pytest.pytester.LineMatcher object at 0x7effc1a32360>.str
E        +      where <_pytest.pytester.LineMatcher object at 0x7effc1a32360> = <RunResult ret=4 len(stdout.lines)=0 len(stderr.lines)=5 duration=0.01s>.stderr

/app/testing/test_deselection_diagnostics.py:1769: AssertionError
----------------------------- Captured stderr call -----------------------------
ERROR: usage: __main__.py [options] [file_or_dir] [file_or_dir] [...]
__main__.py: error: unrecognized arguments: --explain-deselections --explain-deselections-format
  inifile: None
  rootdir: /tmp/pytest-of-root/pytest-2/test_explain_deselections_csv_format_requires_file_output0

___________ test_explain_deselections_csv_format_with_path_override ____________

pytester = <Pytester PosixPath('/tmp/pytest-of-root/pytest-2/test_explain_deselections_csv_format_with_path_override0')>

    def test_explain_deselections_csv_format_with_path_override(pytester):
        pytester.makepyfile(
            test_csv3="""
            def test_keep():
                assert True
    
            def test_drop():
                assert True
            """
        )
        out_csv = pytester.path / "override.csv"
        out_txt = pytester.path / "override.txt"
        result = pytester.runpytest(
            "--explain-deselections",
            "--explain-deselections-output",
            str(out_csv) + ":csv",
            "--explain-deselections-output",
            str(out_txt) + ":text",
            "-q",
            "-k",
            "keep",
        )
>       assert result.ret == 0
E       assert <ExitCode.USAGE_ERROR: 4> == 0
E        +  where <ExitCode.USAGE_ERROR: 4> = <RunResult ret=4 len(stdout.lines)=0 len(stderr.lines)=5 duration=0.01s>.ret

/app/testing/test_deselection_diagnostics.py:1794: AssertionError
----------------------------- Captured stderr call -----------------------------
ERROR: usage: __main__.py [options] [file_or_dir] [file_or_dir] [...]
__main__.py: error: unrecognized arguments: --explain-deselections --explain-deselections-output --explain-deselections-output
  inifile: None
  rootdir: /tmp/pytest-of-root/pytest-2/test_explain_deselections_csv_format_with_path_override0

____________ test_explain_deselections_csv_format_multiple_reasons _____________

pytester = <Pytester PosixPath('/tmp/pytest-of-root/pytest-2/test_explain_deselections_csv_format_multiple_reasons0')>

    def test_explain_deselections_csv_format_multiple_reasons(pytester):
        pytester.makepyfile(
            test_csv4="""
            import pytest
    
            @pytest.mark.fast
            def test_fast():
                assert True
    
            def test_slow():
                assert True
            """
        )
        out = pytester.path / "multi.csv"
        result = pytester.runpytest(
            "--explain-deselections",
            "--explain-deselections-format",
            "csv",
            "--explain-deselections-output",
            str(out),
            "-q",
            "-m",
            "fast",
        )
>       assert result.ret == 0
E       assert <ExitCode.USAGE_ERROR: 4> == 0
E        +  where <ExitCode.USAGE_ERROR: 4> = <RunResult ret=4 len(stdout.lines)=0 len(stderr.lines)=5 duration=0.01s>.ret

/app/testing/test_deselection_diagnostics.py:1826: AssertionError
----------------------------- Captured stderr call -----------------------------
ERROR: usage: __main__.py [options] [file_or_dir] [file_or_dir] [...]
__main__.py: error: unrecognized arguments: --explain-deselections --explain-deselections-format --explain-deselections-output
  inifile: None
  rootdir: /tmp/pytest-of-root/pytest-2/test_explain_deselections_csv_format_multiple_reasons0

________________ test_explain_deselections_csv_stdout_is_error _________________

pytester = <Pytester PosixPath('/tmp/pytest-of-root/pytest-2/test_explain_deselections_csv_stdout_is_error0')>

    def test_explain_deselections_csv_stdout_is_error(pytester):
        pytester.makepyfile(
            test_csv5="""
            def test_a():
                assert True
            """
        )
        result = pytester.runpytest(
            "--explain-deselections",
            "--explain-deselections-format",
            "csv",
            "--explain-deselections-output",
            "-",
            "-q",
        )
        assert result.ret != 0
>       assert "requires --explain-deselections-output" in result.stderr.str()
E       AssertionError: assert 'requires --explain-deselections-output' in 'ERROR: usage: __main__.py [options] [file_or_dir] [file_or_dir] [...]\n__main__.py: error: unrecognized arguments: --...ions-output\n  inifile: None\n  rootdir: /tmp/pytest-of-root/pytest-2/test_explain_deselections_csv_stdout_is_error0\n'
E        +  where 'ERROR: usage: __main__.py [options] [file_or_dir] [file_or_dir] [...]\n__main__.py: error: unrecognized arguments: --...ions-output\n  inifile: None\n  rootdir: /tmp/pytest-of-root/pytest-2/test_explain_deselections_csv_stdout_is_error0\n' = str()
E        +    where str = <_pytest.pytester.LineMatcher object at 0x7effc1819250>.str
E        +      where <_pytest.pytester.LineMatcher object at 0x7effc1819250> = <RunResult ret=4 len(stdout.lines)=0 len(stderr.lines)=5 duration=0.01s>.stderr

/app/testing/test_deselection_diagnostics.py:1849: AssertionError
----------------------------- Captured stderr call -----------------------------
ERROR: usage: __main__.py [options] [file_or_dir] [file_or_dir] [...]
__main__.py: error: unrecognized arguments: --explain-deselections --explain-deselections-format --explain-deselections-output
  inifile: None
  rootdir: /tmp/pytest-of-root/pytest-2/test_explain_deselections_csv_stdout_is_error0

_____________ test_explain_deselections_min_count_filters_terminal _____________

pytester = <Pytester PosixPath('/tmp/pytest-of-root/pytest-2/test_explain_deselections_min_count_filters_terminal0')>

    def test_explain_deselections_min_count_filters_terminal(pytester):
        pytester.makepyfile(
            test_mc1="""
            import pytest
    
            @pytest.mark.fast
            def test_fast():
                assert True
    
            def test_slow_1():
                assert True
    
            def test_slow_2():
                assert True
    
            def test_slow_3():
                assert True
            """
        )
        result = pytester.runpytest(
            "--explain-deselections",
            "--explain-deselections-min-count",
            "5",
            "-q",
            "-m",
            "fast",
        )
>       assert result.ret == 0
E       assert <ExitCode.USAGE_ERROR: 4> == 0
E        +  where <ExitCode.USAGE_ERROR: 4> = <RunResult ret=4 len(stdout.lines)=0 len(stderr.lines)=5 duration=0.01s>.ret

/app/testing/test_deselection_diagnostics.py:1879: AssertionError
----------------------------- Captured stderr call -----------------------------
ERROR: usage: __main__.py [options] [file_or_dir] [file_or_dir] [...]
__main__.py: error: unrecognized arguments: --explain-deselections --explain-deselections-min-count
  inifile: None
  rootdir: /tmp/pytest-of-root/pytest-2/test_explain_deselections_min_count_filters_terminal0

___________ test_explain_deselections_min_count_passes_at_threshold ____________

pytester = <Pytester PosixPath('/tmp/pytest-of-root/pytest-2/test_explain_deselections_min_count_passes_at_threshold0')>

    def test_explain_deselections_min_count_passes_at_threshold(pytester):
        pytester.makepyfile(
            test_mc2="""
            def test_keep():
                assert True
    
            def test_drop_1():
                assert True
    
            def test_drop_2():
                assert True
            """
        )
        result = pytester.runpytest(
            "--explain-deselections",
            "--explain-deselections-min-count",
            "2",
            "-q",
            "-k",
            "keep",
        )
>       assert result.ret == 0
E       assert <ExitCode.USAGE_ERROR: 4> == 0
E        +  where <ExitCode.USAGE_ERROR: 4> = <RunResult ret=4 len(stdout.lines)=0 len(stderr.lines)=5 duration=0.01s>.ret

/app/testing/test_deselection_diagnostics.py:1904: AssertionError
----------------------------- Captured stderr call -----------------------------
ERROR: usage: __main__.py [options] [file_or_dir] [file_or_dir] [...]
__main__.py: error: unrecognized arguments: --explain-deselections --explain-deselections-min-count
  inifile: None
  rootdir: /tmp/pytest-of-root/pytest-2/test_explain_deselections_min_count_passes_at_threshold0

____________ test_explain_deselections_min_count_suppresses_in_json ____________

pytester = <Pytester PosixPath('/tmp/pytest-of-root/pytest-2/test_explain_deselections_min_count_suppresses_in_json0')>

    def test_explain_deselections_min_count_suppresses_in_json(pytester):
        pytester.makepyfile(
            test_mc3="""
            import pytest
    
            @pytest.mark.fast
            def test_fast():
                assert True
    
            def test_slow_1():
                assert True
    
            def test_slow_2():
                assert True
    
            def test_slow_3():
                assert True
            """
        )
        out = pytester.path / "mc.json"
        result = pytester.runpytest(
            "--explain-deselections",
            "--explain-deselections-format",
            "json",
            "--explain-deselections-output",
            str(out),
            "--explain-deselections-min-count",
            "5",
            "-q",
            "-m",
            "fast",
        )
>       assert result.ret == 0
E       assert <ExitCode.USAGE_ERROR: 4> == 0
E        +  where <ExitCode.USAGE_ERROR: 4> = <RunResult ret=4 len(stdout.lines)=0 len(stderr.lines)=5 duration=0.01s>.ret

/app/testing/test_deselection_diagnostics.py:1940: AssertionError
----------------------------- Captured stderr call -----------------------------
ERROR: usage: __main__.py [options] [file_or_dir] [file_or_dir] [...]
__main__.py: error: unrecognized arguments: --explain-deselections --explain-deselections-format --explain-deselections-output --explain-deselections-min-count
  inifile: None
  rootdir: /tmp/pytest-of-root/pytest-2/test_explain_deselections_min_count_suppresses_in_json0

________ test_explain_deselections_min_count_with_junit_total_preserved ________

pytester = <Pytester PosixPath('/tmp/pytest-of-root/pytest-2/test_explain_deselections_min_count_with_junit_total_preserved0')>

    def test_explain_deselections_min_count_with_junit_total_preserved(pytester):
        pytester.makepyfile(
            test_mcj="""
            import pytest
    
            @pytest.mark.fast
            def test_fast():
                assert True
    
            def test_slow_1():
                assert True
    
            def test_slow_2():
                assert True
    
            def test_slow_3():
                assert True
            """
        )
        xmlpath = pytester.path / "mcj.xml"
        result = pytester.runpytest(
            "--junitxml",
            str(xmlpath),
            "--explain-deselections",
            "--explain-deselections-junit",
            "properties",
            "--explain-deselections-min-count",
            "5",
            "-q",
            "-m",
            "fast",
        )
>       assert result.ret == 0
E       assert <ExitCode.USAGE_ERROR: 4> == 0
E        +  where <ExitCode.USAGE_ERROR: 4> = <RunResult ret=4 len(stdout.lines)=0 len(stderr.lines)=5 duration=0.01s>.ret

/app/testing/test_deselection_diagnostics.py:1978: AssertionError
----------------------------- Captured stderr call -----------------------------
ERROR: usage: __main__.py [options] [file_or_dir] [file_or_dir] [...]
__main__.py: error: unrecognized arguments: --explain-deselections --explain-deselections-junit --explain-deselections-min-count
  inifile: None
  rootdir: /tmp/pytest-of-root/pytest-2/test_explain_deselections_min_count_with_junit_total_preserved0

_________ test_explain_deselections_min_count_total_preserved_in_json __________

pytester = <Pytester PosixPath('/tmp/pytest-of-root/pytest-2/test_explain_deselections_min_count_total_preserved_in_json0')>

    def test_explain_deselections_min_count_total_preserved_in_json(pytester):
        pytester.makepyfile(
            test_mc4="""
            def test_keep():
                assert True
    
            def test_drop_1():
                assert True
    
            def test_drop_2():
                assert True
            """
        )
        out = pytester.path / "mc_total.json"
        result = pytester.runpytest(
            "--explain-deselections",
            "--explain-deselections-format",
            "json",
            "--explain-deselections-output",
            str(out),
            "--explain-deselections-min-count",
            "10",
            "-q",
            "-k",
            "keep",
        )
>       assert result.ret == 0
E       assert <ExitCode.USAGE_ERROR: 4> == 0
E        +  where <ExitCode.USAGE_ERROR: 4> = <RunResult ret=4 len(stdout.lines)=0 len(stderr.lines)=5 duration=0.01s>.ret

/app/testing/test_deselection_diagnostics.py:2020: AssertionError
----------------------------- Captured stderr call -----------------------------
ERROR: usage: __main__.py [options] [file_or_dir] [file_or_dir] [...]
__main__.py: error: unrecognized arguments: --explain-deselections --explain-deselections-format --explain-deselections-output --explain-deselections-min-count
  inifile: None
  rootdir: /tmp/pytest-of-root/pytest-2/test_explain_deselections_min_count_total_preserved_in_json0

____________ test_explain_deselections_min_count_below_one_is_error ____________

pytester = <Pytester PosixPath('/tmp/pytest-of-root/pytest-2/test_explain_deselections_min_count_below_one_is_error0')>

    def test_explain_deselections_min_count_below_one_is_error(pytester):
        pytester.makepyfile(
            test_mc5="""
            def test_a():
                assert True
            """
        )
        result = pytester.runpytest(
            "--explain-deselections",
            "--explain-deselections-min-count",
            "0",
            "-q",
        )
        assert result.ret != 0
>       assert "must be >= 1" in result.stderr.str()
E       AssertionError: assert 'must be >= 1' in 'ERROR: usage: __main__.py [options] [file_or_dir] [file_or_dir] [...]\n__main__.py: error: unrecognized arguments: --...nt\n  inifile: None\n  rootdir: /tmp/pytest-of-root/pytest-2/test_explain_deselections_min_count_below_one_is_error0\n'
E        +  where 'ERROR: usage: __main__.py [options] [file_or_dir] [file_or_dir] [...]\n__main__.py: error: unrecognized arguments: --...nt\n  inifile: None\n  rootdir: /tmp/pytest-of-root/pytest-2/test_explain_deselections_min_count_below_one_is_error0\n' = str()
E        +    where str = <_pytest.pytester.LineMatcher object at 0x7effc18eb6b0>.str
E        +      where <_pytest.pytester.LineMatcher object at 0x7effc18eb6b0> = <RunResult ret=4 len(stdout.lines)=0 len(stderr.lines)=5 duration=0.01s>.stderr

/app/testing/test_deselection_diagnostics.py:2040: AssertionError
----------------------------- Captured stderr call -----------------------------
ERROR: usage: __main__.py [options] [file_or_dir] [file_or_dir] [...]
__main__.py: error: unrecognized arguments: --explain-deselections --explain-deselections-min-count
  inifile: None
  rootdir: /tmp/pytest-of-root/pytest-2/test_explain_deselections_min_count_below_one_is_error0

____________ test_explain_deselections_min_count_negative_is_error _____________

pytester = <Pytester PosixPath('/tmp/pytest-of-root/pytest-2/test_explain_deselections_min_count_negative_is_error0')>

    def test_explain_deselections_min_count_negative_is_error(pytester):
        pytester.makepyfile(
            test_mc6="""
            def test_a():
                assert True
            """
        )
        result = pytester.runpytest(
            "--explain-deselections",
            "--explain-deselections-min-count",
            "-1",
            "-q",
        )
        assert result.ret != 0
>       assert "must be >= 1" in result.stderr.str()
E       AssertionError: assert 'must be >= 1' in 'ERROR: usage: __main__.py [options] [file_or_dir] [file_or_dir] [...]\n__main__.py: error: unrecognized arguments: --...unt\n  inifile: None\n  rootdir: /tmp/pytest-of-root/pytest-2/test_explain_deselections_min_count_negative_is_error0\n'
E        +  where 'ERROR: usage: __main__.py [options] [file_or_dir] [file_or_dir] [...]\n__main__.py: error: unrecognized arguments: --...unt\n  inifile: None\n  rootdir: /tmp/pytest-of-root/pytest-2/test_explain_deselections_min_count_negative_is_error0\n' = str()
E        +    where str = <_pytest.pytester.LineMatcher object at 0x7effc1a28bf0>.str
E        +      where <_pytest.pytester.LineMatcher object at 0x7effc1a28bf0> = <RunResult ret=4 len(stdout.lines)=0 len(stderr.lines)=5 duration=0.01s>.stderr

/app/testing/test_deselection_diagnostics.py:2057: AssertionError
----------------------------- Captured stderr call -----------------------------
ERROR: usage: __main__.py [options] [file_or_dir] [file_or_dir] [...]
__main__.py: error: unrecognized arguments: --explain-deselections --explain-deselections-min-count
  inifile: None
  rootdir: /tmp/pytest-of-root/pytest-2/test_explain_deselections_min_count_negative_is_error0

___________ test_explain_deselections_fail_if_exceeds_when_exceeded ____________

pytester = <Pytester PosixPath('/tmp/pytest-of-root/pytest-2/test_explain_deselections_fail_if_exceeds_when_exceeded0')>

    def test_explain_deselections_fail_if_exceeds_when_exceeded(pytester):
        pytester.makepyfile(
            test_fe1="""
            def test_keep():
                assert True
    
            def test_drop_1():
                assert True
    
            def test_drop_2():
                assert True
            """
        )
        result = pytester.runpytest(
            "--explain-deselections",
            "--explain-deselections-fail-if-exceeds",
            "1",
            "-q",
            "-k",
            "keep",
        )
        assert result.ret != 0
>       assert "DESELECTION THRESHOLD EXCEEDED" in result.stdout.str()
E       AssertionError: assert 'DESELECTION THRESHOLD EXCEEDED' in ''
E        +  where '' = str()
E        +    where str = <_pytest.pytester.LineMatcher object at 0x7effc1817f50>.str
E        +      where <_pytest.pytester.LineMatcher object at 0x7effc1817f50> = <RunResult ret=4 len(stdout.lines)=0 len(stderr.lines)=5 duration=0.01s>.stdout

/app/testing/test_deselection_diagnostics.py:2082: AssertionError
----------------------------- Captured stderr call -----------------------------
ERROR: usage: __main__.py [options] [file_or_dir] [file_or_dir] [...]
__main__.py: error: unrecognized arguments: --explain-deselections --explain-deselections-fail-if-exceeds
  inifile: None
  rootdir: /tmp/pytest-of-root/pytest-2/test_explain_deselections_fail_if_exceeds_when_exceeded0

_________ test_explain_deselections_fail_if_exceeds_when_not_exceeded __________

pytester = <Pytester PosixPath('/tmp/pytest-of-root/pytest-2/test_explain_deselections_fail_if_exceeds_when_not_exceeded0')>

    def test_explain_deselections_fail_if_exceeds_when_not_exceeded(pytester):
        pytester.makepyfile(
            test_fe2="""
            def test_keep():
                assert True
    
            def test_drop():
                assert True
            """
        )
        result = pytester.runpytest(
            "--explain-deselections",
            "--explain-deselections-fail-if-exceeds",
            "5",
            "-q",
            "-k",
            "keep",
        )
>       assert result.ret == 0
E       assert <ExitCode.USAGE_ERROR: 4> == 0
E        +  where <ExitCode.USAGE_ERROR: 4> = <RunResult ret=4 len(stdout.lines)=0 len(stderr.lines)=5 duration=0.01s>.ret

/app/testing/test_deselection_diagnostics.py:2103: AssertionError
----------------------------- Captured stderr call -----------------------------
ERROR: usage: __main__.py [options] [file_or_dir] [file_or_dir] [...]
__main__.py: error: unrecognized arguments: --explain-deselections --explain-deselections-fail-if-exceeds
  inifile: None
  rootdir: /tmp/pytest-of-root/pytest-2/test_explain_deselections_fail_if_exceeds_when_not_exceeded0

______ test_explain_deselections_fail_if_exceeds_not_triggered_when_equal ______

pytester = <Pytester PosixPath('/tmp/pytest-of-root/pytest-2/test_explain_deselections_fail_if_exceeds_not_triggered_when_equal0')>

    def test_explain_deselections_fail_if_exceeds_not_triggered_when_equal(pytester):
        pytester.makepyfile(
            test_feeq="""
            def test_keep():
                assert True
    
            def test_drop_1():
                assert True
    
            def test_drop_2():
                assert True
            """
        )
        result = pytester.runpytest(
            "--explain-deselections",
            "--explain-deselections-fail-if-exceeds",
            "2",
            "-q",
            "-k",
            "keep",
        )
>       assert result.ret == 0
E       assert <ExitCode.USAGE_ERROR: 4> == 0
E        +  where <ExitCode.USAGE_ERROR: 4> = <RunResult ret=4 len(stdout.lines)=0 len(stderr.lines)=5 duration=0.01s>.ret

/app/testing/test_deselection_diagnostics.py:2127: AssertionError
----------------------------- Captured stderr call -----------------------------
ERROR: usage: __main__.py [options] [file_or_dir] [file_or_dir] [...]
__main__.py: error: unrecognized arguments: --explain-deselections --explain-deselections-fail-if-exceeds
  inifile: None
  rootdir: /tmp/pytest-of-root/pytest-2/test_explain_deselections_fail_if_exceeds_not_triggered_when_equal0

_____ test_explain_deselections_fail_if_exceeds_zero_any_deselection_fails _____

pytester = <Pytester PosixPath('/tmp/pytest-of-root/pytest-2/test_explain_deselections_fail_if_exceeds_zero_any_deselection_fails0')>

    def test_explain_deselections_fail_if_exceeds_zero_any_deselection_fails(pytester):
        pytester.makepyfile(
            test_fe3="""
            def test_keep():
                assert True
    
            def test_drop():
                assert True
            """
        )
        result = pytester.runpytest(
            "--explain-deselections",
            "--explain-deselections-fail-if-exceeds",
            "0",
            "-q",
            "-k",
            "keep",
        )
        assert result.ret != 0
>       assert "DESELECTION THRESHOLD EXCEEDED" in result.stdout.str()
E       AssertionError: assert 'DESELECTION THRESHOLD EXCEEDED' in ''
E        +  where '' = str()
E        +    where str = <_pytest.pytester.LineMatcher object at 0x7effc1905160>.str
E        +      where <_pytest.pytester.LineMatcher object at 0x7effc1905160> = <RunResult ret=4 len(stdout.lines)=0 len(stderr.lines)=5 duration=0.01s>.stdout

/app/testing/test_deselection_diagnostics.py:2150: AssertionError
----------------------------- Captured stderr call -----------------------------
ERROR: usage: __main__.py [options] [file_or_dir] [file_or_dir] [...]
__main__.py: error: unrecognized arguments: --explain-deselections --explain-deselections-fail-if-exceeds
  inifile: None
  rootdir: /tmp/pytest-of-root/pytest-2/test_explain_deselections_fail_if_exceeds_zero_any_deselection_fails0

_________ test_explain_deselections_fail_if_exceeds_negative_is_error __________

pytester = <Pytester PosixPath('/tmp/pytest-of-root/pytest-2/test_explain_deselections_fail_if_exceeds_negative_is_error0')>

    def test_explain_deselections_fail_if_exceeds_negative_is_error(pytester):
        pytester.makepyfile(
            test_fe4="""
            def test_a():
                assert True
            """
        )
        result = pytester.runpytest(
            "--explain-deselections",
            "--explain-deselections-fail-if-exceeds",
            "-1",
            "-q",
        )
        assert result.ret != 0
>       assert "must be >= 0" in result.stderr.str()
E       AssertionError: assert 'must be >= 0' in 'ERROR: usage: __main__.py [options] [file_or_dir] [file_or_dir] [...]\n__main__.py: error: unrecognized arguments: --... inifile: None\n  rootdir: /tmp/pytest-of-root/pytest-2/test_explain_deselections_fail_if_exceeds_negative_is_error0\n'
E        +  where 'ERROR: usage: __main__.py [options] [file_or_dir] [file_or_dir] [...]\n__main__.py: error: unrecognized arguments: --... inifile: None\n  rootdir: /tmp/pytest-of-root/pytest-2/test_explain_deselections_fail_if_exceeds_negative_is_error0\n' = str()
E        +    where str = <_pytest.pytester.LineMatcher object at 0x7effc19ce0f0>.str
E        +      where <_pytest.pytester.LineMatcher object at 0x7effc19ce0f0> = <RunResult ret=4 len(stdout.lines)=0 len(stderr.lines)=5 duration=0.01s>.stderr

/app/testing/test_deselection_diagnostics.py:2167: AssertionError
----------------------------- Captured stderr call -----------------------------
ERROR: usage: __main__.py [options] [file_or_dir] [file_or_dir] [...]
__main__.py: error: unrecognized arguments: --explain-deselections --explain-deselections-fail-if-exceeds
  inifile: None
  rootdir: /tmp/pytest-of-root/pytest-2/test_explain_deselections_fail_if_exceeds_negative_is_error0

______ test_explain_deselections_fail_if_exceeds_prints_exceeded_message _______

pytester = <Pytester PosixPath('/tmp/pytest-of-root/pytest-2/test_explain_deselections_fail_if_exceeds_prints_exceeded_message0')>

    def test_explain_deselections_fail_if_exceeds_prints_exceeded_message(pytester):
        pytester.makepyfile(
            test_fe5="""
            def test_keep():
                assert True
    
            def test_drop_1():
                assert True
    
            def test_drop_2():
                assert True
            """
        )
        result = pytester.runpytest(
            "--explain-deselections",
            "--explain-deselections-fail-if-exceeds",
            "0",
            "-q",
            "-k",
            "keep",
        )
        assert result.ret != 0
>       assert "DESELECTION THRESHOLD EXCEEDED: 2 tests deselected (threshold: 0)" in result.stdout.str()
E       AssertionError: assert 'DESELECTION THRESHOLD EXCEEDED: 2 tests deselected (threshold: 0)' in ''
E        +  where '' = str()
E        +    where str = <_pytest.pytester.LineMatcher object at 0x7effc1904680>.str
E        +      where <_pytest.pytester.LineMatcher object at 0x7effc1904680> = <RunResult ret=4 len(stdout.lines)=0 len(stderr.lines)=5 duration=0.01s>.stdout

/app/testing/test_deselection_diagnostics.py:2192: AssertionError
----------------------------- Captured stderr call -----------------------------
ERROR: usage: __main__.py [options] [file_or_dir] [file_or_dir] [...]
__main__.py: error: unrecognized arguments: --explain-deselections --explain-deselections-fail-if-exceeds
  inifile: None
  rootdir: /tmp/pytest-of-root/pytest-2/test_explain_deselections_fail_if_exceeds_prints_exceeded_message0

__________ test_explain_deselections_baseline_shows_delta_in_terminal __________

pytester = <Pytester PosixPath('/tmp/pytest-of-root/pytest-2/test_explain_deselections_baseline_shows_delta_in_terminal0')>

    def test_explain_deselections_baseline_shows_delta_in_terminal(pytester):
        pytester.makepyfile(
            test_bl1="""
            def test_keep():
                assert True
    
            def test_drop():
                assert True
            """
        )
        baseline = pytester.path / "baseline.json"
        baseline.write_text(
            '{"schema_version": 1, "total_deselected": 0, "reasons": []}',
            encoding="utf-8",
        )
        result = pytester.runpytest(
            "--explain-deselections",
            "--explain-deselections-baseline",
            str(baseline),
            "-q",
            "-k",
            "keep",
        )
>       assert result.ret == 0
E       assert <ExitCode.USAGE_ERROR: 4> == 0
E        +  where <ExitCode.USAGE_ERROR: 4> = <RunResult ret=4 len(stdout.lines)=0 len(stderr.lines)=5 duration=0.01s>.ret

/app/testing/test_deselection_diagnostics.py:2218: AssertionError
----------------------------- Captured stderr call -----------------------------
ERROR: usage: __main__.py [options] [file_or_dir] [file_or_dir] [...]
__main__.py: error: unrecognized arguments: --explain-deselections --explain-deselections-baseline
  inifile: None
  rootdir: /tmp/pytest-of-root/pytest-2/test_explain_deselections_baseline_shows_delta_in_terminal0

_______ test_explain_deselections_baseline_shows_new_for_unknown_reason ________

pytester = <Pytester PosixPath('/tmp/pytest-of-root/pytest-2/test_explain_deselections_baseline_shows_new_for_unknown_reason0')>

    def test_explain_deselections_baseline_shows_new_for_unknown_reason(pytester):
        pytester.makepyfile(
            test_bl2="""
            def test_keep():
                assert True
    
            def test_drop():
                assert True
            """
        )
        baseline = pytester.path / "baseline2.json"
        baseline.write_text(
            '{"schema_version": 1, "total_deselected": 0, "reasons": []}',
            encoding="utf-8",
        )
        result = pytester.runpytest(
            "--explain-deselections",
            "--explain-deselections-baseline",
            str(baseline),
            "-q",
            "-k",
            "keep",
        )
>       assert result.ret == 0
E       assert <ExitCode.USAGE_ERROR: 4> == 0
E        +  where <ExitCode.USAGE_ERROR: 4> = <RunResult ret=4 len(stdout.lines)=0 len(stderr.lines)=5 duration=0.01s>.ret

/app/testing/test_deselection_diagnostics.py:2247: AssertionError
----------------------------- Captured stderr call -----------------------------
ERROR: usage: __main__.py [options] [file_or_dir] [file_or_dir] [...]
__main__.py: error: unrecognized arguments: --explain-deselections --explain-deselections-baseline
  inifile: None
  rootdir: /tmp/pytest-of-root/pytest-2/test_explain_deselections_baseline_shows_new_for_unknown_reason0

_____ test_explain_deselections_baseline_shows_delta_when_count_increased ______

pytester = <Pytester PosixPath('/tmp/pytest-of-root/pytest-2/test_explain_deselections_baseline_shows_delta_when_count_increased0')>

    def test_explain_deselections_baseline_shows_delta_when_count_increased(pytester):
        pytester.makepyfile(
            test_bl3="""
            def test_keep():
                assert True
    
            def test_drop_1():
                assert True
    
            def test_drop_2():
                assert True
            """
        )
        baseline = pytester.path / "baseline3.json"
        baseline.write_text(
            '{"schema_version": 1, "total_deselected": 1, "reasons": [{"reason": "-k keep", "count": 1, "nodeids": []}]}',
            encoding="utf-8",
        )
        result = pytester.runpytest(
            "--explain-deselections",
            "--explain-deselections-baseline",
            str(baseline),
            "-q",
            "-k",
            "keep",
        )
>       assert result.ret == 0
E       assert <ExitCode.USAGE_ERROR: 4> == 0
E        +  where <ExitCode.USAGE_ERROR: 4> = <RunResult ret=4 len(stdout.lines)=0 len(stderr.lines)=5 duration=0.01s>.ret

/app/testing/test_deselection_diagnostics.py:2277: AssertionError
----------------------------- Captured stderr call -----------------------------
ERROR: usage: __main__.py [options] [file_or_dir] [file_or_dir] [...]
__main__.py: error: unrecognized arguments: --explain-deselections --explain-deselections-baseline
  inifile: None
  rootdir: /tmp/pytest-of-root/pytest-2/test_explain_deselections_baseline_shows_delta_when_count_increased0

___________ test_explain_deselections_baseline_json_has_delta_field ____________

pytester = <Pytester PosixPath('/tmp/pytest-of-root/pytest-2/test_explain_deselections_baseline_json_has_delta_field0')>

    def test_explain_deselections_baseline_json_has_delta_field(pytester):
        pytester.makepyfile(
            test_bl4="""
            def test_keep():
                assert True
    
            def test_drop():
                assert True
            """
        )
        baseline = pytester.path / "baseline4.json"
        baseline.write_text(
            '{"schema_version": 1, "total_deselected": 0, "reasons": []}',
            encoding="utf-8",
        )
        out = pytester.path / "bl4.json"
        result = pytester.runpytest(
            "--explain-deselections",
            "--explain-deselections-format",
            "json",
            "--explain-deselections-output",
            str(out),
            "--explain-deselections-baseline",
            str(baseline),
            "-q",
            "-k",
            "keep",
        )
>       assert result.ret == 0
E       assert <ExitCode.USAGE_ERROR: 4> == 0
E        +  where <ExitCode.USAGE_ERROR: 4> = <RunResult ret=4 len(stdout.lines)=0 len(stderr.lines)=5 duration=0.01s>.ret

/app/testing/test_deselection_diagnostics.py:2310: AssertionError
----------------------------- Captured stderr call -----------------------------
ERROR: usage: __main__.py [options] [file_or_dir] [file_or_dir] [...]
__main__.py: error: unrecognized arguments: --explain-deselections --explain-deselections-format --explain-deselections-output --explain-deselections-baseline
  inifile: None
  rootdir: /tmp/pytest-of-root/pytest-2/test_explain_deselections_baseline_json_has_delta_field0

_______ test_explain_deselections_baseline_json_has_baseline_count_field _______

pytester = <Pytester PosixPath('/tmp/pytest-of-root/pytest-2/test_explain_deselections_baseline_json_has_baseline_count_field0')>

    def test_explain_deselections_baseline_json_has_baseline_count_field(pytester):
        pytester.makepyfile(
            test_bl5="""
            def test_keep():
                assert True
    
            def test_drop():
                assert True
            """
        )
        baseline = pytester.path / "baseline5.json"
        baseline.write_text(
            '{"schema_version": 1, "total_deselected": 0, "reasons": []}',
            encoding="utf-8",
        )
        out = pytester.path / "bl5.json"
        result = pytester.runpytest(
            "--explain-deselections",
            "--explain-deselections-format",
            "json",
            "--explain-deselections-output",
            str(out),
            "--explain-deselections-baseline",
            str(baseline),
            "-q",
            "-k",
            "keep",
        )
>       assert result.ret == 0
E       assert <ExitCode.USAGE_ERROR: 4> == 0
E        +  where <ExitCode.USAGE_ERROR: 4> = <RunResult ret=4 len(stdout.lines)=0 len(stderr.lines)=5 duration=0.01s>.ret

/app/testing/test_deselection_diagnostics.py:2345: AssertionError
----------------------------- Captured stderr call -----------------------------
ERROR: usage: __main__.py [options] [file_or_dir] [file_or_dir] [...]
__main__.py: error: unrecognized arguments: --explain-deselections --explain-deselections-format --explain-deselections-output --explain-deselections-baseline
  inifile: None
  rootdir: /tmp/pytest-of-root/pytest-2/test_explain_deselections_baseline_json_has_baseline_count_field0

___________ test_explain_deselections_baseline_json_has_total_fields ___________

pytester = <Pytester PosixPath('/tmp/pytest-of-root/pytest-2/test_explain_deselections_baseline_json_has_total_fields0')>

    def test_explain_deselections_baseline_json_has_total_fields(pytester):
        pytester.makepyfile(
            test_bl6="""
            def test_keep():
                assert True
    
            def test_drop():
                assert True
            """
        )
        baseline = pytester.path / "baseline6.json"
        baseline.write_text(
            '{"schema_version": 1, "total_deselected": 0, "reasons": []}',
            encoding="utf-8",
        )
        out = pytester.path / "bl6.json"
        result = pytester.runpytest(
            "--explain-deselections",
            "--explain-deselections-format",
            "json",
            "--explain-deselections-output",
            str(out),
            "--explain-deselections-baseline",
            str(baseline),
            "-q",
            "-k",
            "keep",
        )
>       assert result.ret == 0
E       assert <ExitCode.USAGE_ERROR: 4> == 0
E        +  where <ExitCode.USAGE_ERROR: 4> = <RunResult ret=4 len(stdout.lines)=0 len(stderr.lines)=5 duration=0.01s>.ret

/app/testing/test_deselection_diagnostics.py:2380: AssertionError
----------------------------- Captured stderr call -----------------------------
ERROR: usage: __main__.py [options] [file_or_dir] [file_or_dir] [...]
__main__.py: error: unrecognized arguments: --explain-deselections --explain-deselections-format --explain-deselections-output --explain-deselections-baseline
  inifile: None
  rootdir: /tmp/pytest-of-root/pytest-2/test_explain_deselections_baseline_json_has_total_fields0

_________ test_explain_deselections_baseline_nonexistent_file_is_error _________

pytester = <Pytester PosixPath('/tmp/pytest-of-root/pytest-2/test_explain_deselections_baseline_nonexistent_file_is_error0')>

    def test_explain_deselections_baseline_nonexistent_file_is_error(pytester):
        pytester.makepyfile(
            test_bl7="""
            def test_a():
                assert True
            """
        )
        result = pytester.runpytest(
            "--explain-deselections",
            "--explain-deselections-baseline",
            "/nonexistent/path/baseline.json",
            "-q",
        )
        assert result.ret != 0
>       assert "file not found" in result.stderr.str()
E       AssertionError: assert 'file not found' in 'ERROR: usage: __main__.py [options] [file_or_dir] [file_or_dir] [...]\n__main__.py: error: unrecognized arguments: --...inifile: None\n  rootdir: /tmp/pytest-of-root/pytest-2/test_explain_deselections_baseline_nonexistent_file_is_error0\n'
E        +  where 'ERROR: usage: __main__.py [options] [file_or_dir] [file_or_dir] [...]\n__main__.py: error: unrecognized arguments: --...inifile: None\n  rootdir: /tmp/pytest-of-root/pytest-2/test_explain_deselections_baseline_nonexistent_file_is_error0\n' = str()
E        +    where str = <_pytest.pytester.LineMatcher object at 0x7effc1904e00>.str
E        +      where <_pytest.pytester.LineMatcher object at 0x7effc1904e00> = <RunResult ret=4 len(stdout.lines)=0 len(stderr.lines)=5 duration=0.01s>.stderr

/app/testing/test_deselection_diagnostics.py:2404: AssertionError
----------------------------- Captured stderr call -----------------------------
ERROR: usage: __main__.py [options] [file_or_dir] [file_or_dir] [...]
__main__.py: error: unrecognized arguments: --explain-deselections --explain-deselections-baseline
  inifile: None
  rootdir: /tmp/pytest-of-root/pytest-2/test_explain_deselections_baseline_nonexistent_file_is_error0

___________ test_explain_deselections_baseline_invalid_json_is_error ___________

pytester = <Pytester PosixPath('/tmp/pytest-of-root/pytest-2/test_explain_deselections_baseline_invalid_json_is_error0')>

    def test_explain_deselections_baseline_invalid_json_is_error(pytester):
        pytester.makepyfile(
            test_bl8="""
            def test_a():
                assert True
            """
        )
        bad_baseline = pytester.path / "bad.json"
        bad_baseline.write_text("not valid json {{{", encoding="utf-8")
        result = pytester.runpytest(
            "--explain-deselections",
            "--explain-deselections-baseline",
            str(bad_baseline),
            "-q",
        )
        assert result.ret != 0
>       assert "invalid JSON" in result.stderr.str()
E       AssertionError: assert 'invalid JSON' in 'ERROR: usage: __main__.py [options] [file_or_dir] [file_or_dir] [...]\n__main__.py: error: unrecognized arguments: --...\n  inifile: None\n  rootdir: /tmp/pytest-of-root/pytest-2/test_explain_deselections_baseline_invalid_json_is_error0\n'
E        +  where 'ERROR: usage: __main__.py [options] [file_or_dir] [file_or_dir] [...]\n__main__.py: error: unrecognized arguments: --...\n  inifile: None\n  rootdir: /tmp/pytest-of-root/pytest-2/test_explain_deselections_baseline_invalid_json_is_error0\n' = str()
E        +    where str = <_pytest.pytester.LineMatcher object at 0x7effc0546b70>.str
E        +      where <_pytest.pytester.LineMatcher object at 0x7effc0546b70> = <RunResult ret=4 len(stdout.lines)=0 len(stderr.lines)=5 duration=0.01s>.stderr

/app/testing/test_deselection_diagnostics.py:2423: AssertionError
----------------------------- Captured stderr call -----------------------------
ERROR: usage: __main__.py [options] [file_or_dir] [file_or_dir] [...]
__main__.py: error: unrecognized arguments: --explain-deselections --explain-deselections-baseline
  inifile: None
  rootdir: /tmp/pytest-of-root/pytest-2/test_explain_deselections_baseline_invalid_json_is_error0

__ test_explain_deselections_update_baseline_malformed_existing_file_is_error __

pytester = <Pytester PosixPath('/tmp/pytest-of-root/pytest-2/test_explain_deselections_update_baseline_malformed_existing_file_is_error0')>

    def test_explain_deselections_update_baseline_malformed_existing_file_is_error(pytester):
        pytester.makepyfile(
            test_bl9="""
            def test_a():
                assert True
            """
        )
        bad_baseline = pytester.path / "bad_update.json"
        bad_baseline.write_text("not valid json {{{", encoding="utf-8")
        result = pytester.runpytest(
            "--explain-deselections",
            "--explain-deselections-baseline",
            str(bad_baseline),
            "--explain-deselections-update-baseline",
            "-q",
        )
        assert result.ret != 0
>       assert "invalid JSON" in result.stderr.str()
E       AssertionError: assert 'invalid JSON' in 'ERROR: usage: __main__.py [options] [file_or_dir] [file_or_dir] [...]\n__main__.py: error: unrecognized arguments: --...n  rootdir: /tmp/pytest-of-root/pytest-2/test_explain_deselections_update_baseline_malformed_existing_file_is_error0\n'
E        +  where 'ERROR: usage: __main__.py [options] [file_or_dir] [file_or_dir] [...]\n__main__.py: error: unrecognized arguments: --...n  rootdir: /tmp/pytest-of-root/pytest-2/test_explain_deselections_update_baseline_malformed_existing_file_is_error0\n' = str()
E        +    where str = <_pytest.pytester.LineMatcher object at 0x7effc181db80>.str
E        +      where <_pytest.pytester.LineMatcher object at 0x7effc181db80> = <RunResult ret=4 len(stdout.lines)=0 len(stderr.lines)=5 duration=0.01s>.stderr

/app/testing/test_deselection_diagnostics.py:2443: AssertionError
----------------------------- Captured stderr call -----------------------------
ERROR: usage: __main__.py [options] [file_or_dir] [file_or_dir] [...]
__main__.py: error: unrecognized arguments: --explain-deselections --explain-deselections-baseline --explain-deselections-update-baseline
  inifile: None
  rootdir: /tmp/pytest-of-root/pytest-2/test_explain_deselections_update_baseline_malformed_existing_file_is_error0

________________ test_explain_deselections_ini_enables_feature _________________

pytester = <Pytester PosixPath('/tmp/pytest-of-root/pytest-2/test_explain_deselections_ini_enables_feature0')>

    def test_explain_deselections_ini_enables_feature(pytester):
        pytester.makeini("[pytest]\nexplain_deselections = true\n")
        pytester.makepyfile(
            test_ini1="""
            def test_keep():
                assert True
    
            def test_drop():
                assert True
            """
        )
        result = pytester.runpytest("-q", "-k", "keep")
        assert result.ret == 0
>       assert "deselected by -k keep: 1" in result.stdout.str()
E       AssertionError: assert 'deselected by -k keep: 1' in '.                                                                        [100%]\n=============================== warn...n\n-- Docs: https://docs.pytest.org/en/stable/how-to/capture-warnings.html\n1 passed, 1 deselected, 1 warning in 0.00s'
E        +  where '.                                                                        [100%]\n=============================== warn...n\n-- Docs: https://docs.pytest.org/en/stable/how-to/capture-warnings.html\n1 passed, 1 deselected, 1 warning in 0.00s' = str()
E        +    where str = <_pytest.pytester.LineMatcher object at 0x7effc1a2aa50>.str
E        +      where <_pytest.pytester.LineMatcher object at 0x7effc1a2aa50> = <RunResult ret=0 len(stdout.lines)=9 len(stderr.lines)=0 duration=0.01s>.stdout

/app/testing/test_deselection_diagnostics.py:2459: AssertionError
----------------------------- Captured stdout call -----------------------------
.                                                                        [100%]
=============================== warnings summary ===============================
../../../../app/src/_pytest/config/__init__.py:1415
  /app/src/_pytest/config/__init__.py:1415: PytestConfigWarning: Unknown config option: explain_deselections
  
    self._warn_or_fail_if_strict(f"Unknown config option: {key}\n")

-- Docs: https://docs.pytest.org/en/stable/how-to/capture-warnings.html
1 passed, 1 deselected, 1 warning in 0.00s
_______________ test_explain_deselections_ini_min_count_applied ________________

pytester = <Pytester PosixPath('/tmp/pytest-of-root/pytest-2/test_explain_deselections_ini_min_count_applied0')>

    def test_explain_deselections_ini_min_count_applied(pytester):
        pytester.makeini("[pytest]\nexplain_deselections = true\nexplain_deselections_min_count = 5\n")
        pytester.makepyfile(
            test_ini2="""
            def test_keep():
                assert True
    
            def test_drop():
                assert True
            """
        )
        result = pytester.runpytest("-q", "-k", "keep")
        assert result.ret == 0
        assert "deselected by -k keep" not in result.stdout.str()
        result2 = pytester.runpytest("-q", "-k", "keep", "--explain-deselections-min-count", "1")
>       assert "deselected by -k keep: 1" in result2.stdout.str()
E       AssertionError: assert 'deselected by -k keep: 1' in ''
E        +  where '' = str()
E        +    where str = <_pytest.pytester.LineMatcher object at 0x7effc1904140>.str
E        +      where <_pytest.pytester.LineMatcher object at 0x7effc1904140> = <RunResult ret=4 len(stdout.lines)=0 len(stderr.lines)=5 duration=0.01s>.stdout

/app/testing/test_deselection_diagnostics.py:2477: AssertionError
----------------------------- Captured stdout call -----------------------------
.                                                                        [100%]
=============================== warnings summary ===============================
../../../../app/src/_pytest/config/__init__.py:1415
  /app/src/_pytest/config/__init__.py:1415: PytestConfigWarning: Unknown config option: explain_deselections
  
    self._warn_or_fail_if_strict(f"Unknown config option: {key}\n")

../../../../app/src/_pytest/config/__init__.py:1415
  /app/src/_pytest/config/__init__.py:1415: PytestConfigWarning: Unknown config option: explain_deselections_min_count
  
    self._warn_or_fail_if_strict(f"Unknown config option: {key}\n")

-- Docs: https://docs.pytest.org/en/stable/how-to/capture-warnings.html
1 passed, 1 deselected, 2 warnings in 0.00s
----------------------------- Captured stderr call -----------------------------
ERROR: usage: __main__.py [options] [file_or_dir] [file_or_dir] [...]
__main__.py: error: unrecognized arguments: --explain-deselections-min-count
  inifile: /tmp/pytest-of-root/pytest-2/test_explain_deselections_ini_min_count_applied0/tox.ini
  rootdir: /tmp/pytest-of-root/pytest-2/test_explain_deselections_ini_min_count_applied0

___________________ test_explain_deselections_ini_format_csv ___________________

pytester = <Pytester PosixPath('/tmp/pytest-of-root/pytest-2/test_explain_deselections_ini_format_csv0')>

    def test_explain_deselections_ini_format_csv(pytester):
        out = pytester.path / "ini_fmt.csv"
        pytester.makeini(
            "[pytest]\nexplain_deselections = true\nexplain_deselections_format = csv\n"
        )
        pytester.makepyfile(
            test_ini3="""
            def test_keep():
                assert True
    
            def test_drop():
                assert True
            """
        )
        result = pytester.runpytest(
            "--explain-deselections-output", str(out), "-q", "-k", "keep"
        )
>       assert result.ret == 0
E       assert <ExitCode.USAGE_ERROR: 4> == 0
E        +  where <ExitCode.USAGE_ERROR: 4> = <RunResult ret=4 len(stdout.lines)=0 len(stderr.lines)=5 duration=0.01s>.ret

/app/testing/test_deselection_diagnostics.py:2497: AssertionError
----------------------------- Captured stderr call -----------------------------
ERROR: usage: __main__.py [options] [file_or_dir] [file_or_dir] [...]
__main__.py: error: unrecognized arguments: --explain-deselections-output
  inifile: /tmp/pytest-of-root/pytest-2/test_explain_deselections_ini_format_csv0/tox.ini
  rootdir: /tmp/pytest-of-root/pytest-2/test_explain_deselections_ini_format_csv0

________________ test_explain_deselections_ini_fail_if_exceeds _________________

pytester = <Pytester PosixPath('/tmp/pytest-of-root/pytest-2/test_explain_deselections_ini_fail_if_exceeds0')>

    def test_explain_deselections_ini_fail_if_exceeds(pytester):
        pytester.makeini(
            "[pytest]\nexplain_deselections = true\nexplain_deselections_fail_if_exceeds = 0\n"
        )
        pytester.makepyfile(
            test_ini4="""
            def test_keep():
                assert True
    
            def test_drop():
                assert True
            """
        )
        result = pytester.runpytest("-q", "-k", "keep")
>       assert result.ret != 0
E       assert <ExitCode.OK: 0> != 0
E        +  where <ExitCode.OK: 0> = <RunResult ret=0 len(stdout.lines)=14 len(stderr.lines)=0 duration=0.01s>.ret

/app/testing/test_deselection_diagnostics.py:2517: AssertionError
----------------------------- Captured stdout call -----------------------------
.                                                                        [100%]
=============================== warnings summary ===============================
../../../../app/src/_pytest/config/__init__.py:1415
  /app/src/_pytest/config/__init__.py:1415: PytestConfigWarning: Unknown config option: explain_deselections
  
    self._warn_or_fail_if_strict(f"Unknown config option: {key}\n")

../../../../app/src/_pytest/config/__init__.py:1415
  /app/src/_pytest/config/__init__.py:1415: PytestConfigWarning: Unknown config option: explain_deselections_fail_if_exceeds
  
    self._warn_or_fail_if_strict(f"Unknown config option: {key}\n")

-- Docs: https://docs.pytest.org/en/stable/how-to/capture-warnings.html
1 passed, 1 deselected, 2 warnings in 0.00s
__________________ test_explain_deselections_ini_max_nodeids ___________________

pytester = <Pytester PosixPath('/tmp/pytest-of-root/pytest-2/test_explain_deselections_ini_max_nodeids0')>

    def test_explain_deselections_ini_max_nodeids(pytester):
        out = pytester.path / "ini_max.json"
        pytester.makeini(
            "[pytest]\nexplain_deselections = true\nexplain_deselections_format = json\nexplain_deselections_max_nodeids = 1\n"
        )
        pytester.makepyfile(
            test_ini5="""
            def test_keep():
                assert True
    
            def test_drop_1():
                assert True
    
            def test_drop_2():
                assert True
            """
        )
        result = pytester.runpytest(
            "--explain-deselections-output", str(out), "-q", "-k", "keep"
        )
>       assert result.ret == 0
E       assert <ExitCode.USAGE_ERROR: 4> == 0
E        +  where <ExitCode.USAGE_ERROR: 4> = <RunResult ret=4 len(stdout.lines)=0 len(stderr.lines)=5 duration=0.01s>.ret

/app/testing/test_deselection_diagnostics.py:2541: AssertionError
----------------------------- Captured stderr call -----------------------------
ERROR: usage: __main__.py [options] [file_or_dir] [file_or_dir] [...]
__main__.py: error: unrecognized arguments: --explain-deselections-output
  inifile: /tmp/pytest-of-root/pytest-2/test_explain_deselections_ini_max_nodeids0/tox.ini
  rootdir: /tmp/pytest-of-root/pytest-2/test_explain_deselections_ini_max_nodeids0

______________ test_explain_deselections_ini_nodeids_order_sorted ______________

pytester = <Pytester PosixPath('/tmp/pytest-of-root/pytest-2/test_explain_deselections_ini_nodeids_order_sorted0')>

    def test_explain_deselections_ini_nodeids_order_sorted(pytester):
        out = pytester.path / "ini_ord.json"
        pytester.makeini(
            "[pytest]\nexplain_deselections = true\nexplain_deselections_format = json\nexplain_deselections_max_nodeids = 3\nexplain_deselections_nodeids_order = sorted\n"
        )
        pytester.makepyfile(
            test_ini6="""
            def test_keep():
                assert True
    
            def test_drop_c():
                assert True
    
            def test_drop_a():
                assert True
    
            def test_drop_b():
                assert True
            """
        )
        result = pytester.runpytest(
            "--explain-deselections-output", str(out), "-q", "-k", "keep"
        )
>       assert result.ret == 0
E       assert <ExitCode.USAGE_ERROR: 4> == 0
E        +  where <ExitCode.USAGE_ERROR: 4> = <RunResult ret=4 len(stdout.lines)=0 len(stderr.lines)=5 duration=0.01s>.ret

/app/testing/test_deselection_diagnostics.py:2569: AssertionError
----------------------------- Captured stderr call -----------------------------
ERROR: usage: __main__.py [options] [file_or_dir] [file_or_dir] [...]
__main__.py: error: unrecognized arguments: --explain-deselections-output
  inifile: /tmp/pytest-of-root/pytest-2/test_explain_deselections_ini_nodeids_order_sorted0/tox.ini
  rootdir: /tmp/pytest-of-root/pytest-2/test_explain_deselections_ini_nodeids_order_sorted0

________________ test_explain_deselections_ini_junit_properties ________________

pytester = <Pytester PosixPath('/tmp/pytest-of-root/pytest-2/test_explain_deselections_ini_junit_properties0')>

    def test_explain_deselections_ini_junit_properties(pytester):
        xmlpath = pytester.path / "ini_junit.xml"
        pytester.makeini(
            "[pytest]\nexplain_deselections = true\nexplain_deselections_junit = properties\n"
        )
        pytester.makepyfile(
            test_ini7="""
            def test_keep():
                assert True
    
            def test_drop():
                assert True
            """
        )
        result = pytester.runpytest(
            "--junitxml", str(xmlpath), "-q", "-k", "keep"
        )
        assert result.ret == 0
        root = ET.fromstring(xmlpath.read_text(encoding="utf-8"))
        suite = root.find("testsuite")
        if suite is None:
            suite = root.find("./testsuite")
        if suite is None:
            suite = root.find("./testsuites/testsuite")
        assert suite is not None
        props = suite.find("properties")
>       assert props is not None
E       assert None is not None

/app/testing/test_deselection_diagnostics.py:2601: AssertionError
----------------------------- Captured stdout call -----------------------------
.                                                                        [100%]
=============================== warnings summary ===============================
../../../../app/src/_pytest/config/__init__.py:1415
  /app/src/_pytest/config/__init__.py:1415: PytestConfigWarning: Unknown config option: explain_deselections
  
    self._warn_or_fail_if_strict(f"Unknown config option: {key}\n")

../../../../app/src/_pytest/config/__init__.py:1415
  /app/src/_pytest/config/__init__.py:1415: PytestConfigWarning: Unknown config option: explain_deselections_junit
  
    self._warn_or_fail_if_strict(f"Unknown config option: {key}\n")

-- Docs: https://docs.pytest.org/en/stable/how-to/capture-warnings.html
1 passed, 1 deselected, 2 warnings in 0.00s
____________ test_explain_deselections_ini_format_md_is_usage_error ____________

pytester = <Pytester PosixPath('/tmp/pytest-of-root/pytest-2/test_explain_deselections_ini_format_md_is_usage_error0')>

    def test_explain_deselections_ini_format_md_is_usage_error(pytester):
        out = pytester.path / "ini_md.txt"
        pytester.makeini(
            "[pytest]\nexplain_deselections_format = md\n"
        )
        pytester.makepyfile(
            test_inimd="""
            def test_a():
                assert True
            """
        )
        result = pytester.runpytest(
            "--explain-deselections",
            "--explain-deselections-output",
            str(out),
            "-q",
        )
        assert result.ret != 0
>       _assert_choose_from(result.stderr.str(), "text", "json", "csv")

/app/testing/test_deselection_diagnostics.py:2628: 
_ _ _ _ _ _ _ _ _ _ _ _ _ _ _ _ _ _ _ _ _ _ _ _ _ _ _ _ _ _ _ _ _ _ _ _ _ _ _ _ 

text = 'ERROR: usage: __main__.py [options] [file_or_dir] [file_or_dir] [...]\n__main__.py: error: unrecognized arguments: --...sage_error0/tox.ini\n  rootdir: /tmp/pytest-of-root/pytest-2/test_explain_deselections_ini_format_md_is_usage_error0\n'
choices = ('text', 'json', 'csv')
pattern = "choose from\\s+'?text'?,\\s*'?json'?,\\s*'?csv'?"
@py_assert1 = <function search at 0x7effc30b0d60>, @py_assert5 = None

    def _assert_choose_from(text: str, *choices: str) -> None:
        pattern = r"choose from\s+" + r",\s*".join(f"'?{c}'?" for c in choices)
>       assert re.search(pattern, text), text
E       AssertionError: ERROR: usage: __main__.py [options] [file_or_dir] [file_or_dir] [...]
E         __main__.py: error: unrecognized arguments: --explain-deselections --explain-deselections-output
E           inifile: /tmp/pytest-of-root/pytest-2/test_explain_deselections_ini_format_md_is_usage_error0/tox.ini
E           rootdir: /tmp/pytest-of-root/pytest-2/test_explain_deselections_ini_format_md_is_usage_error0
E         
E       assert None
E        +  where None = <function search at 0x7effc30b0d60>("choose from\\s+'?text'?,\\s*'?json'?,\\s*'?csv'?", 'ERROR: usage: __main__.py [options] [file_or_dir] [file_or_dir] [...]\n__main__.py: error: unrecognized arguments: --...sage_error0/tox.ini\n  rootdir: /tmp/pytest-of-root/pytest-2/test_explain_deselections_ini_format_md_is_usage_error0\n')
E        +    where <function search at 0x7effc30b0d60> = re.search

/app/testing/test_deselection_diagnostics.py:26: AssertionError
----------------------------- Captured stderr call -----------------------------
ERROR: usage: __main__.py [options] [file_or_dir] [file_or_dir] [...]
__main__.py: error: unrecognized arguments: --explain-deselections --explain-deselections-output
  inifile: /tmp/pytest-of-root/pytest-2/test_explain_deselections_ini_format_md_is_usage_error0/tox.ini
  rootdir: /tmp/pytest-of-root/pytest-2/test_explain_deselections_ini_format_md_is_usage_error0

___________ test_explain_deselections_ini_format_csv_requires_output ___________

pytester = <Pytester PosixPath('/tmp/pytest-of-root/pytest-2/test_explain_deselections_ini_format_csv_requires_output0')>

    def test_explain_deselections_ini_format_csv_requires_output(pytester):
        pytester.makeini(
            "[pytest]\nexplain_deselections_format = csv\n"
        )
        pytester.makepyfile(
            test_inicsv="""
            def test_a():
                assert True
            """
        )
        result = pytester.runpytest(
            "--explain-deselections",
            "-q",
        )
        assert result.ret != 0
>       assert "requires --explain-deselections-output" in result.stderr.str()
E       AssertionError: assert 'requires --explain-deselections-output' in 'ERROR: usage: __main__.py [options] [file_or_dir] [file_or_dir] [...]\n__main__.py: error: unrecognized arguments: --...s_output0/tox.ini\n  rootdir: /tmp/pytest-of-root/pytest-2/test_explain_deselections_ini_format_csv_requires_output0\n'
E        +  where 'ERROR: usage: __main__.py [options] [file_or_dir] [file_or_dir] [...]\n__main__.py: error: unrecognized arguments: --...s_output0/tox.ini\n  rootdir: /tmp/pytest-of-root/pytest-2/test_explain_deselections_ini_format_csv_requires_output0\n' = str()
E        +    where str = <_pytest.pytester.LineMatcher object at 0x7effc1906240>.str
E        +      where <_pytest.pytester.LineMatcher object at 0x7effc1906240> = <RunResult ret=4 len(stdout.lines)=0 len(stderr.lines)=5 duration=0.01s>.stderr

/app/testing/test_deselection_diagnostics.py:2646: AssertionError
----------------------------- Captured stderr call -----------------------------
ERROR: usage: __main__.py [options] [file_or_dir] [file_or_dir] [...]
__main__.py: error: unrecognized arguments: --explain-deselections
  inifile: /tmp/pytest-of-root/pytest-2/test_explain_deselections_ini_format_csv_requires_output0/tox.ini
  rootdir: /tmp/pytest-of-root/pytest-2/test_explain_deselections_ini_format_csv_requires_output0

_________ test_explain_deselections_ini_only_format_md_is_usage_error __________

pytester = <Pytester PosixPath('/tmp/pytest-of-root/pytest-2/test_explain_deselections_ini_only_format_md_is_usage_error0')>

    def test_explain_deselections_ini_only_format_md_is_usage_error(pytester):
        pytester.makeini(
            "[pytest]\nexplain_deselections = true\nexplain_deselections_format = md\n"
        )
        pytester.makepyfile(
            test_iniomd="""
            def test_a():
                assert True
            """
        )
        result = pytester.runpytest("-q")
>       assert result.ret != 0
E       assert <ExitCode.OK: 0> != 0
E        +  where <ExitCode.OK: 0> = <RunResult ret=0 len(stdout.lines)=14 len(stderr.lines)=0 duration=0.01s>.ret

/app/testing/test_deselection_diagnostics.py:2660: AssertionError
----------------------------- Captured stdout call -----------------------------
.                                                                        [100%]
=============================== warnings summary ===============================
../../../../app/src/_pytest/config/__init__.py:1415
  /app/src/_pytest/config/__init__.py:1415: PytestConfigWarning: Unknown config option: explain_deselections
  
    self._warn_or_fail_if_strict(f"Unknown config option: {key}\n")

../../../../app/src/_pytest/config/__init__.py:1415
  /app/src/_pytest/config/__init__.py:1415: PytestConfigWarning: Unknown config option: explain_deselections_format
  
    self._warn_or_fail_if_strict(f"Unknown config option: {key}\n")

-- Docs: https://docs.pytest.org/en/stable/how-to/capture-warnings.html
1 passed, 2 warnings in 0.00s
________ test_explain_deselections_ini_only_format_csv_requires_output _________

pytester = <Pytester PosixPath('/tmp/pytest-of-root/pytest-2/test_explain_deselections_ini_only_format_csv_requires_output0')>

    def test_explain_deselections_ini_only_format_csv_requires_output(pytester):
        pytester.makeini(
            "[pytest]\nexplain_deselections = true\nexplain_deselections_format = csv\n"
        )
        pytester.makepyfile(
            test_iniocsv="""
            def test_a():
                assert True
            """
        )
        result = pytester.runpytest("-q")
>       assert result.ret != 0
E       assert <ExitCode.OK: 0> != 0
E        +  where <ExitCode.OK: 0> = <RunResult ret=0 len(stdout.lines)=14 len(stderr.lines)=0 duration=0.01s>.ret

/app/testing/test_deselection_diagnostics.py:2675: AssertionError
----------------------------- Captured stdout call -----------------------------
.                                                                        [100%]
=============================== warnings summary ===============================
../../../../app/src/_pytest/config/__init__.py:1415
  /app/src/_pytest/config/__init__.py:1415: PytestConfigWarning: Unknown config option: explain_deselections
  
    self._warn_or_fail_if_strict(f"Unknown config option: {key}\n")

../../../../app/src/_pytest/config/__init__.py:1415
  /app/src/_pytest/config/__init__.py:1415: PytestConfigWarning: Unknown config option: explain_deselections_format
  
    self._warn_or_fail_if_strict(f"Unknown config option: {key}\n")

-- Docs: https://docs.pytest.org/en/stable/how-to/capture-warnings.html
1 passed, 2 warnings in 0.00s
_______________ test_explain_deselections_verbose_shows_nodeids ________________

pytester = <Pytester PosixPath('/tmp/pytest-of-root/pytest-2/test_explain_deselections_verbose_shows_nodeids0')>

    def test_explain_deselections_verbose_shows_nodeids(pytester):
        pytester.makepyfile(
            test_vb1="""
            def test_keep(): pass
            def test_alpha(): pass
            def test_beta(): pass
            """
        )
        result = pytester.runpytest(
            "-q",
            "-k",
            "keep",
            "--explain-deselections",
            "--explain-deselections-verbose",
            "--explain-deselections-max-nodeids",
            "10",
        )
        out = result.stdout.str()
>       assert "::test_alpha" in out
E       AssertionError: assert '::test_alpha' in ''

/app/testing/test_deselection_diagnostics.py:2697: AssertionError
----------------------------- Captured stderr call -----------------------------
ERROR: usage: __main__.py [options] [file_or_dir] [file_or_dir] [...]
__main__.py: error: unrecognized arguments: --explain-deselections --explain-deselections-verbose --explain-deselections-max-nodeids
  inifile: None
  rootdir: /tmp/pytest-of-root/pytest-2/test_explain_deselections_verbose_shows_nodeids0

____________ test_explain_deselections_verbose_truncation_indicator ____________

pytester = <Pytester PosixPath('/tmp/pytest-of-root/pytest-2/test_explain_deselections_verbose_truncation_indicator0')>

    def test_explain_deselections_verbose_truncation_indicator(pytester):
        pytester.makepyfile(
            test_vb2="""
            def test_keep(): pass
            def test_a1(): pass
            def test_a2(): pass
            def test_a3(): pass
            def test_a4(): pass
            """
        )
        result = pytester.runpytest(
            "-q",
            "-k",
            "keep",
            "--explain-deselections",
            "--explain-deselections-verbose",
            "--explain-deselections-max-nodeids",
            "2",
        )
        out = result.stdout.str()
>       assert "(+2 more)" in out
E       AssertionError: assert '(+2 more)' in ''

/app/testing/test_deselection_diagnostics.py:2721: AssertionError
----------------------------- Captured stderr call -----------------------------
ERROR: usage: __main__.py [options] [file_or_dir] [file_or_dir] [...]
__main__.py: error: unrecognized arguments: --explain-deselections --explain-deselections-verbose --explain-deselections-max-nodeids
  inifile: None
  rootdir: /tmp/pytest-of-root/pytest-2/test_explain_deselections_verbose_truncation_indicator0

________ test_explain_deselections_whitespace_nodeid_recorded_verbatim _________

pytester = <Pytester PosixPath('/tmp/pytest-of-root/pytest-2/test_explain_deselections_whitespace_nodeid_recorded_verbatim0')>

    def test_explain_deselections_whitespace_nodeid_recorded_verbatim(pytester):
        pytester.makepyfile(
            test_ws="""
            import pytest
    
            @pytest.mark.parametrize("x", ["a b", "c d"])
            def test_drop(x):
                assert True
    
            def test_keep():
                assert True
            """
        )
        out = pytester.path / "ws.json"
        result = pytester.runpytest(
            "--explain-deselections",
            "--explain-deselections-format",
            "json",
            "--explain-deselections-output",
            str(out),
            "--explain-deselections-max-nodeids",
            "1",
            "-q",
            "-k",
            "keep",
        )
>       assert result.ret == 0
E       assert <ExitCode.USAGE_ERROR: 4> == 0
E        +  where <ExitCode.USAGE_ERROR: 4> = <RunResult ret=4 len(stdout.lines)=0 len(stderr.lines)=5 duration=0.01s>.ret

/app/testing/test_deselection_diagnostics.py:2750: AssertionError
----------------------------- Captured stderr call -----------------------------
ERROR: usage: __main__.py [options] [file_or_dir] [file_or_dir] [...]
__main__.py: error: unrecognized arguments: --explain-deselections --explain-deselections-format --explain-deselections-output --explain-deselections-max-nodeids
  inifile: None
  rootdir: /tmp/pytest-of-root/pytest-2/test_explain_deselections_whitespace_nodeid_recorded_verbatim0

_______ test_explain_deselections_verbose_without_max_nodeids_lists_none _______

pytester = <Pytester PosixPath('/tmp/pytest-of-root/pytest-2/test_explain_deselections_verbose_without_max_nodeids_lists_none0')>

    def test_explain_deselections_verbose_without_max_nodeids_lists_none(pytester):
        pytester.makepyfile(
            test_vbnomax="""
            def test_keep(): pass
            def test_a(): pass
            def test_b(): pass
            """
        )
        result = pytester.runpytest(
            "-q",
            "-k",
            "keep",
            "--explain-deselections",
            "--explain-deselections-verbose",
        )
        out = result.stdout.str()
>       assert "deselected by -k keep: 2" in out
E       AssertionError: assert 'deselected by -k keep: 2' in ''

/app/testing/test_deselection_diagnostics.py:2786: AssertionError
----------------------------- Captured stderr call -----------------------------
ERROR: usage: __main__.py [options] [file_or_dir] [file_or_dir] [...]
__main__.py: error: unrecognized arguments: --explain-deselections --explain-deselections-verbose
  inifile: None
  rootdir: /tmp/pytest-of-root/pytest-2/test_explain_deselections_verbose_without_max_nodeids_lists_none0

______________ test_explain_deselections_sort_by_count_descending ______________

pytester = <Pytester PosixPath('/tmp/pytest-of-root/pytest-2/test_explain_deselections_sort_by_count_descending0')>

    def test_explain_deselections_sort_by_count_descending(pytester):
        pytester.makepyfile(
            test_cnt="""
            def test_x1(): pass
            def test_x2(): pass
            def test_x3(): pass
            def test_keep(): pass
            """
        )
        result = pytester.runpytest(
            "-q",
            "--deselect",
            "test_cnt.py::test_x1",
            "-k",
            "keep",
            "--explain-deselections",
            "--explain-deselections-sort-by",
            "count",
        )
        out = result.stdout.str()
        k_idx = out.find("-k keep")
        deselect_idx = out.find("--deselect")
>       assert k_idx != -1 and deselect_idx != -1
E       assert (-1 != -1)

/app/testing/test_deselection_diagnostics.py:2814: AssertionError
----------------------------- Captured stderr call -----------------------------
ERROR: usage: __main__.py [options] [file_or_dir] [file_or_dir] [...]
__main__.py: error: unrecognized arguments: --explain-deselections --explain-deselections-sort-by
  inifile: None
  rootdir: /tmp/pytest-of-root/pytest-2/test_explain_deselections_sort_by_count_descending0

_________ test_explain_deselections_sort_by_count_tie_breaks_on_reason _________

pytester = <Pytester PosixPath('/tmp/pytest-of-root/pytest-2/test_explain_deselections_sort_by_count_tie_breaks_on_reason0')>

    def test_explain_deselections_sort_by_count_tie_breaks_on_reason(pytester):
        pytester.makepyfile(
            test_tie="""
            def test_b(): pass
            def test_a(): pass
            def test_keep(): pass
            """
        )
        result = pytester.runpytest(
            "-q",
            "--deselect",
            "test_tie.py::test_b",
            "--deselect",
            "test_tie.py::test_a",
            "-k",
            "keep",
            "--explain-deselections",
            "--explain-deselections-sort-by",
            "count",
        )
        out = result.stdout.str()
        idx_a = out.find("--deselect test_tie.py::test_a")
        idx_b = out.find("--deselect test_tie.py::test_b")
>       assert idx_a != -1 and idx_b != -1
E       assert (-1 != -1)

/app/testing/test_deselection_diagnostics.py:2841: AssertionError
----------------------------- Captured stderr call -----------------------------
ERROR: usage: __main__.py [options] [file_or_dir] [file_or_dir] [...]
__main__.py: error: unrecognized arguments: --explain-deselections --explain-deselections-sort-by
  inifile: None
  rootdir: /tmp/pytest-of-root/pytest-2/test_explain_deselections_sort_by_count_tie_breaks_on_reason0

_________ test_explain_deselections_sort_by_delta_tie_breaks_on_reason _________

pytester = <Pytester PosixPath('/tmp/pytest-of-root/pytest-2/test_explain_deselections_sort_by_delta_tie_breaks_on_reason0')>

    def test_explain_deselections_sort_by_delta_tie_breaks_on_reason(pytester):
        pytester.makepyfile(
            test_dtie="""
            def test_b(): pass
            def test_a(): pass
            def test_keep(): pass
            """
        )
        baseline = {
            "schema_version": 1,
            "total_deselected": 2,
            "reasons": [
                {"reason": "--deselect test_dtie.py::test_b", "count": 1, "nodeids": []},
                {"reason": "--deselect test_dtie.py::test_a", "count": 1, "nodeids": []},
            ],
        }
        baseline_file = pytester.path / "baseline.json"
        baseline_file.write_text(json.dumps(baseline), encoding="utf-8")
        result = pytester.runpytest(
            "-q",
            "--deselect",
            "test_dtie.py::test_b",
            "--deselect",
            "test_dtie.py::test_a",
            "-k",
            "keep",
            "--explain-deselections",
            "--explain-deselections-baseline",
            str(baseline_file),
            "--explain-deselections-sort-by",
            "delta",
        )
        out = result.stdout.str()
        idx_a = out.find("--deselect test_dtie.py::test_a")
        idx_b = out.find("--deselect test_dtie.py::test_b")
>       assert idx_a != -1 and idx_b != -1
E       assert (-1 != -1)

/app/testing/test_deselection_diagnostics.py:2880: AssertionError
----------------------------- Captured stderr call -----------------------------
ERROR: usage: __main__.py [options] [file_or_dir] [file_or_dir] [...]
__main__.py: error: unrecognized arguments: --explain-deselections --explain-deselections-baseline --explain-deselections-sort-by
  inifile: None
  rootdir: /tmp/pytest-of-root/pytest-2/test_explain_deselections_sort_by_delta_tie_breaks_on_reason0

____________ test_explain_deselections_sort_by_reason_alphabetical _____________

pytester = <Pytester PosixPath('/tmp/pytest-of-root/pytest-2/test_explain_deselections_sort_by_reason_alphabetical0')>

    def test_explain_deselections_sort_by_reason_alphabetical(pytester):
        pytester.makepyfile(
            test_alph="""
            def test_x1(): pass
            def test_x2(): pass
            def test_keep(): pass
            """
        )
        result = pytester.runpytest(
            "-q",
            "--deselect",
            "test_alph.py::test_x1",
            "-k",
            "keep",
            "--explain-deselections",
            "--explain-deselections-sort-by",
            "reason",
        )
        out = result.stdout.str()
        deselect_idx = out.find("--deselect")
        k_idx = out.find("-k keep")
>       assert deselect_idx != -1 and k_idx != -1
E       assert (-1 != -1)

/app/testing/test_deselection_diagnostics.py:2905: AssertionError
----------------------------- Captured stderr call -----------------------------
ERROR: usage: __main__.py [options] [file_or_dir] [file_or_dir] [...]
__main__.py: error: unrecognized arguments: --explain-deselections --explain-deselections-sort-by
  inifile: None
  rootdir: /tmp/pytest-of-root/pytest-2/test_explain_deselections_sort_by_reason_alphabetical0

____________ test_explain_deselections_sort_by_delta_with_baseline _____________

pytester = <Pytester PosixPath('/tmp/pytest-of-root/pytest-2/test_explain_deselections_sort_by_delta_with_baseline0')>

    def test_explain_deselections_sort_by_delta_with_baseline(pytester):
        pytester.makepyfile(
            test_dlt="""
            def test_x1(): pass
            def test_x2(): pass
            def test_x3(): pass
            def test_keep(): pass
            """
        )
        baseline = {
            "schema_version": 1,
            "total_deselected": 2,
            "reasons": [
                {"reason": "--deselect test_dlt.py::test_x1", "count": 1, "nodeids": []},
                {"reason": "-k keep", "count": 1, "nodeids": []},
            ],
        }
        baseline_file = pytester.path / "baseline.json"
        baseline_file.write_text(json.dumps(baseline), encoding="utf-8")
        result = pytester.runpytest(
            "-q",
            "--deselect",
            "test_dlt.py::test_x1",
            "-k",
            "keep",
            "--explain-deselections",
            "--explain-deselections-baseline",
            str(baseline_file),
            "--explain-deselections-sort-by",
            "delta",
        )
        out = result.stdout.str()
        k_idx = out.find("-k keep")
        deselect_idx = out.find("--deselect")
>       assert k_idx != -1 and deselect_idx != -1
E       assert (-1 != -1)

/app/testing/test_deselection_diagnostics.py:2943: AssertionError
----------------------------- Captured stderr call -----------------------------
ERROR: usage: __main__.py [options] [file_or_dir] [file_or_dir] [...]
__main__.py: error: unrecognized arguments: --explain-deselections --explain-deselections-baseline --explain-deselections-sort-by
  inifile: None
  rootdir: /tmp/pytest-of-root/pytest-2/test_explain_deselections_sort_by_delta_with_baseline0

_____________ test_explain_deselections_fail_on_new_exits_nonzero ______________

pytester = <Pytester PosixPath('/tmp/pytest-of-root/pytest-2/test_explain_deselections_fail_on_new_exits_nonzero0')>

    def test_explain_deselections_fail_on_new_exits_nonzero(pytester):
        pytester.makepyfile(
            test_fn1="""
            def test_keep(): pass
            def test_other(): pass
            """
        )
        baseline = {"schema_version": 1, "total_deselected": 0, "reasons": []}
        baseline_file = pytester.path / "baseline.json"
        baseline_file.write_text(json.dumps(baseline), encoding="utf-8")
        result = pytester.runpytest(
            "-q",
            "-k",
            "keep",
            "--explain-deselections",
            "--explain-deselections-baseline",
            str(baseline_file),
            "--explain-deselections-fail-on-new",
        )
        assert result.ret != 0
>       assert "NEW DESELECTION REASONS" in result.stdout.str()
E       AssertionError: assert 'NEW DESELECTION REASONS' in ''
E        +  where '' = str()
E        +    where str = <_pytest.pytester.LineMatcher object at 0x7effc057b6e0>.str
E        +      where <_pytest.pytester.LineMatcher object at 0x7effc057b6e0> = <RunResult ret=4 len(stdout.lines)=0 len(stderr.lines)=5 duration=0.01s>.stdout

/app/testing/test_deselection_diagnostics.py:2967: AssertionError
----------------------------- Captured stderr call -----------------------------
ERROR: usage: __main__.py [options] [file_or_dir] [file_or_dir] [...]
__main__.py: error: unrecognized arguments: --explain-deselections --explain-deselections-baseline --explain-deselections-fail-on-new
  inifile: None
  rootdir: /tmp/pytest-of-root/pytest-2/test_explain_deselections_fail_on_new_exits_nonzero0

________ test_explain_deselections_fail_on_new_passes_when_same_reasons ________

pytester = <Pytester PosixPath('/tmp/pytest-of-root/pytest-2/test_explain_deselections_fail_on_new_passes_when_same_reasons0')>

    def test_explain_deselections_fail_on_new_passes_when_same_reasons(pytester):
        pytester.makepyfile(
            test_fn2="""
            def test_keep(): pass
            def test_other(): pass
            """
        )
        baseline = {
            "schema_version": 1,
            "total_deselected": 1,
            "reasons": [{"reason": "-k keep", "count": 1, "nodeids": []}],
        }
        baseline_file = pytester.path / "baseline.json"
        baseline_file.write_text(json.dumps(baseline), encoding="utf-8")
        result = pytester.runpytest(
            "-q",
            "-k",
            "keep",
            "--explain-deselections",
            "--explain-deselections-baseline",
            str(baseline_file),
            "--explain-deselections-fail-on-new",
        )
>       assert result.ret == 0
E       assert <ExitCode.USAGE_ERROR: 4> == 0
E        +  where <ExitCode.USAGE_ERROR: 4> = <RunResult ret=4 len(stdout.lines)=0 len(stderr.lines)=5 duration=0.01s>.ret

/app/testing/test_deselection_diagnostics.py:2993: AssertionError
----------------------------- Captured stderr call -----------------------------
ERROR: usage: __main__.py [options] [file_or_dir] [file_or_dir] [...]
__main__.py: error: unrecognized arguments: --explain-deselections --explain-deselections-baseline --explain-deselections-fail-on-new
  inifile: None
  rootdir: /tmp/pytest-of-root/pytest-2/test_explain_deselections_fail_on_new_passes_when_same_reasons0

___________ test_explain_deselections_fail_on_new_requires_baseline ____________

pytester = <Pytester PosixPath('/tmp/pytest-of-root/pytest-2/test_explain_deselections_fail_on_new_requires_baseline0')>

    def test_explain_deselections_fail_on_new_requires_baseline(pytester):
        pytester.makepyfile(
            test_fn3="""
            def test_a(): pass
            """
        )
        result = pytester.runpytest(
            "-q",
            "--explain-deselections",
            "--explain-deselections-fail-on-new",
        )
        assert result.ret != 0
>       assert "requires --explain-deselections-baseline" in result.stderr.str()
E       AssertionError: assert 'requires --explain-deselections-baseline' in 'ERROR: usage: __main__.py [options] [file_or_dir] [file_or_dir] [...]\n__main__.py: error: unrecognized arguments: --...w\n  inifile: None\n  rootdir: /tmp/pytest-of-root/pytest-2/test_explain_deselections_fail_on_new_requires_baseline0\n'
E        +  where 'ERROR: usage: __main__.py [options] [file_or_dir] [file_or_dir] [...]\n__main__.py: error: unrecognized arguments: --...w\n  inifile: None\n  rootdir: /tmp/pytest-of-root/pytest-2/test_explain_deselections_fail_on_new_requires_baseline0\n' = str()
E        +    where str = <_pytest.pytester.LineMatcher object at 0x7effc1a288f0>.str
E        +      where <_pytest.pytester.LineMatcher object at 0x7effc1a288f0> = <RunResult ret=4 len(stdout.lines)=0 len(stderr.lines)=5 duration=0.01s>.stderr

/app/testing/test_deselection_diagnostics.py:3008: AssertionError
----------------------------- Captured stderr call -----------------------------
ERROR: usage: __main__.py [options] [file_or_dir] [file_or_dir] [...]
__main__.py: error: unrecognized arguments: --explain-deselections --explain-deselections-fail-on-new
  inifile: None
  rootdir: /tmp/pytest-of-root/pytest-2/test_explain_deselections_fail_on_new_requires_baseline0

____________ test_explain_deselections_update_baseline_writes_file _____________

pytester = <Pytester PosixPath('/tmp/pytest-of-root/pytest-2/test_explain_deselections_update_baseline_writes_file0')>

    def test_explain_deselections_update_baseline_writes_file(pytester):
        pytester.makepyfile(
            test_ub1="""
            def test_keep(): pass
            def test_other(): pass
            """
        )
        old_baseline = {"schema_version": 1, "total_deselected": 0, "reasons": []}
        baseline_file = pytester.path / "baseline.json"
        baseline_file.write_text(json.dumps(old_baseline), encoding="utf-8")
        result = pytester.runpytest(
            "-q",
            "-k",
            "keep",
            "--explain-deselections",
            "--explain-deselections-baseline",
            str(baseline_file),
            "--explain-deselections-update-baseline",
        )
>       assert result.ret == 0
E       assert <ExitCode.USAGE_ERROR: 4> == 0
E        +  where <ExitCode.USAGE_ERROR: 4> = <RunResult ret=4 len(stdout.lines)=0 len(stderr.lines)=5 duration=0.01s>.ret

/app/testing/test_deselection_diagnostics.py:3030: AssertionError
----------------------------- Captured stderr call -----------------------------
ERROR: usage: __main__.py [options] [file_or_dir] [file_or_dir] [...]
__main__.py: error: unrecognized arguments: --explain-deselections --explain-deselections-baseline --explain-deselections-update-baseline
  inifile: None
  rootdir: /tmp/pytest-of-root/pytest-2/test_explain_deselections_update_baseline_writes_file0

_______ test_explain_deselections_update_baseline_creates_if_not_exists ________

pytester = <Pytester PosixPath('/tmp/pytest-of-root/pytest-2/test_explain_deselections_update_baseline_creates_if_not_exists0')>

    def test_explain_deselections_update_baseline_creates_if_not_exists(pytester):
        pytester.makepyfile(
            test_ub2="""
            def test_keep(): pass
            def test_other(): pass
            """
        )
        baseline_file = pytester.path / "new_baseline.json"
        assert not baseline_file.exists()
        result = pytester.runpytest(
            "-q",
            "-k",
            "keep",
            "--explain-deselections",
            "--explain-deselections-baseline",
            str(baseline_file),
            "--explain-deselections-update-baseline",
        )
>       assert result.ret == 0
E       assert <ExitCode.USAGE_ERROR: 4> == 0
E        +  where <ExitCode.USAGE_ERROR: 4> = <RunResult ret=4 len(stdout.lines)=0 len(stderr.lines)=5 duration=0.01s>.ret

/app/testing/test_deselection_diagnostics.py:3055: AssertionError
----------------------------- Captured stderr call -----------------------------
ERROR: usage: __main__.py [options] [file_or_dir] [file_or_dir] [...]
__main__.py: error: unrecognized arguments: --explain-deselections --explain-deselections-baseline --explain-deselections-update-baseline
  inifile: None
  rootdir: /tmp/pytest-of-root/pytest-2/test_explain_deselections_update_baseline_creates_if_not_exists0

_________ test_explain_deselections_update_baseline_requires_baseline __________

pytester = <Pytester PosixPath('/tmp/pytest-of-root/pytest-2/test_explain_deselections_update_baseline_requires_baseline0')>

    def test_explain_deselections_update_baseline_requires_baseline(pytester):
        pytester.makepyfile(
            test_ub3="""
            def test_a(): pass
            """
        )
        result = pytester.runpytest(
            "-q",
            "--explain-deselections",
            "--explain-deselections-update-baseline",
        )
        assert result.ret != 0
>       assert "requires --explain-deselections-baseline" in result.stderr.str()
E       AssertionError: assert 'requires --explain-deselections-baseline' in 'ERROR: usage: __main__.py [options] [file_or_dir] [file_or_dir] [...]\n__main__.py: error: unrecognized arguments: --... inifile: None\n  rootdir: /tmp/pytest-of-root/pytest-2/test_explain_deselections_update_baseline_requires_baseline0\n'
E        +  where 'ERROR: usage: __main__.py [options] [file_or_dir] [file_or_dir] [...]\n__main__.py: error: unrecognized arguments: --... inifile: None\n  rootdir: /tmp/pytest-of-root/pytest-2/test_explain_deselections_update_baseline_requires_baseline0\n' = str()
E        +    where str = <_pytest.pytester.LineMatcher object at 0x7effc05c78f0>.str
E        +      where <_pytest.pytester.LineMatcher object at 0x7effc05c78f0> = <RunResult ret=4 len(stdout.lines)=0 len(stderr.lines)=5 duration=0.01s>.stderr

/app/testing/test_deselection_diagnostics.py:3074: AssertionError
----------------------------- Captured stderr call -----------------------------
ERROR: usage: __main__.py [options] [file_or_dir] [file_or_dir] [...]
__main__.py: error: unrecognized arguments: --explain-deselections --explain-deselections-update-baseline
  inifile: None
  rootdir: /tmp/pytest-of-root/pytest-2/test_explain_deselections_update_baseline_requires_baseline0

________ test_explain_deselections_format_inferred_from_json_extension _________

pytester = <Pytester PosixPath('/tmp/pytest-of-root/pytest-2/test_explain_deselections_format_inferred_from_json_extension0')>

    def test_explain_deselections_format_inferred_from_json_extension(pytester):
        pytester.makepyfile(
            test_inf1="""
            def test_keep(): pass
            def test_other(): pass
            """
        )
        out_file = pytester.path / "report.json"
        result = pytester.runpytest(
            "-q",
            "-k",
            "keep",
            "--explain-deselections",
            "--explain-deselections-output",
            str(out_file),
        )
>       assert result.ret == 0
E       assert <ExitCode.USAGE_ERROR: 4> == 0
E        +  where <ExitCode.USAGE_ERROR: 4> = <RunResult ret=4 len(stdout.lines)=0 len(stderr.lines)=5 duration=0.01s>.ret

/app/testing/test_deselection_diagnostics.py:3093: AssertionError
----------------------------- Captured stderr call -----------------------------
ERROR: usage: __main__.py [options] [file_or_dir] [file_or_dir] [...]
__main__.py: error: unrecognized arguments: --explain-deselections --explain-deselections-output
  inifile: None
  rootdir: /tmp/pytest-of-root/pytest-2/test_explain_deselections_format_inferred_from_json_extension0

_________ test_explain_deselections_format_inferred_from_csv_extension _________

pytester = <Pytester PosixPath('/tmp/pytest-of-root/pytest-2/test_explain_deselections_format_inferred_from_csv_extension0')>

    def test_explain_deselections_format_inferred_from_csv_extension(pytester):
        pytester.makepyfile(
            test_inf2="""
            def test_keep(): pass
            def test_other(): pass
            """
        )
        out_file = pytester.path / "report.csv"
        result = pytester.runpytest(
            "-q",
            "-k",
            "keep",
            "--explain-deselections",
            "--explain-deselections-output",
            str(out_file),
        )
>       assert result.ret == 0
E       assert <ExitCode.USAGE_ERROR: 4> == 0
E        +  where <ExitCode.USAGE_ERROR: 4> = <RunResult ret=4 len(stdout.lines)=0 len(stderr.lines)=5 duration=0.01s>.ret

/app/testing/test_deselection_diagnostics.py:3115: AssertionError
----------------------------- Captured stderr call -----------------------------
ERROR: usage: __main__.py [options] [file_or_dir] [file_or_dir] [...]
__main__.py: error: unrecognized arguments: --explain-deselections --explain-deselections-output
  inifile: None
  rootdir: /tmp/pytest-of-root/pytest-2/test_explain_deselections_format_inferred_from_csv_extension0

________ test_explain_deselections_explicit_format_overrides_extension _________

pytester = <Pytester PosixPath('/tmp/pytest-of-root/pytest-2/test_explain_deselections_explicit_format_overrides_extension0')>

    def test_explain_deselections_explicit_format_overrides_extension(pytester):
        pytester.makepyfile(
            test_inf3="""
            def test_keep(): pass
            def test_other(): pass
            """
        )
        out_file = pytester.path / "report.json"
        result = pytester.runpytest(
            "-q",
            "-k",
            "keep",
            "--explain-deselections",
            "--explain-deselections-output",
            str(out_file) + ":text",
        )
>       assert result.ret == 0
E       assert <ExitCode.USAGE_ERROR: 4> == 0
E        +  where <ExitCode.USAGE_ERROR: 4> = <RunResult ret=4 len(stdout.lines)=0 len(stderr.lines)=5 duration=0.01s>.ret

/app/testing/test_deselection_diagnostics.py:3137: AssertionError
----------------------------- Captured stderr call -----------------------------
ERROR: usage: __main__.py [options] [file_or_dir] [file_or_dir] [...]
__main__.py: error: unrecognized arguments: --explain-deselections --explain-deselections-output
  inifile: None
  rootdir: /tmp/pytest-of-root/pytest-2/test_explain_deselections_explicit_format_overrides_extension0

_______________ test_explain_deselections_sort_by_invalid_choice _______________

pytester = <Pytester PosixPath('/tmp/pytest-of-root/pytest-2/test_explain_deselections_sort_by_invalid_choice0')>

    def test_explain_deselections_sort_by_invalid_choice(pytester):
        pytester.makepyfile(
            test_sbi="""
            def test_a(): pass
            """
        )
        result = pytester.runpytest(
            "-q",
            "--explain-deselections",
            "--explain-deselections-sort-by",
            "invalid",
        )
        assert result.ret != 0
>       assert "choose from" in result.stderr.str()
E       AssertionError: assert 'choose from' in 'ERROR: usage: __main__.py [options] [file_or_dir] [file_or_dir] [...]\n__main__.py: error: unrecognized arguments: --...-sort-by\n  inifile: None\n  rootdir: /tmp/pytest-of-root/pytest-2/test_explain_deselections_sort_by_invalid_choice0\n'
E        +  where 'ERROR: usage: __main__.py [options] [file_or_dir] [file_or_dir] [...]\n__main__.py: error: unrecognized arguments: --...-sort-by\n  inifile: None\n  rootdir: /tmp/pytest-of-root/pytest-2/test_explain_deselections_sort_by_invalid_choice0\n' = str()
E        +    where str = <_pytest.pytester.LineMatcher object at 0x7effc0578bf0>.str
E        +      where <_pytest.pytester.LineMatcher object at 0x7effc0578bf0> = <RunResult ret=4 len(stdout.lines)=0 len(stderr.lines)=5 duration=0.01s>.stderr

/app/testing/test_deselection_diagnostics.py:3161: AssertionError
----------------------------- Captured stderr call -----------------------------
ERROR: usage: __main__.py [options] [file_or_dir] [file_or_dir] [...]
__main__.py: error: unrecognized arguments: --explain-deselections --explain-deselections-sort-by
  inifile: None
  rootdir: /tmp/pytest-of-root/pytest-2/test_explain_deselections_sort_by_invalid_choice0

___________ test_explain_deselections_warn_if_exceeds_prints_warning ___________

pytester = <Pytester PosixPath('/tmp/pytest-of-root/pytest-2/test_explain_deselections_warn_if_exceeds_prints_warning0')>

    def test_explain_deselections_warn_if_exceeds_prints_warning(pytester):
        pytester.makepyfile(
            test_w1="""
            def test_keep(): pass
            def test_a(): pass
            def test_b(): pass
            def test_c(): pass
            """
        )
        result = pytester.runpytest(
            "-q",
            "-k",
            "keep",
            "--explain-deselections",
            "--explain-deselections-warn-if-exceeds",
            "1",
        )
>       assert result.ret == 0
E       assert <ExitCode.USAGE_ERROR: 4> == 0
E        +  where <ExitCode.USAGE_ERROR: 4> = <RunResult ret=4 len(stdout.lines)=0 len(stderr.lines)=5 duration=0.01s>.ret

/app/testing/test_deselection_diagnostics.py:3181: AssertionError
----------------------------- Captured stderr call -----------------------------
ERROR: usage: __main__.py [options] [file_or_dir] [file_or_dir] [...]
__main__.py: error: unrecognized arguments: --explain-deselections --explain-deselections-warn-if-exceeds
  inifile: None
  rootdir: /tmp/pytest-of-root/pytest-2/test_explain_deselections_warn_if_exceeds_prints_warning0

_______ test_explain_deselections_warn_if_exceeds_no_warning_when_under ________

pytester = <Pytester PosixPath('/tmp/pytest-of-root/pytest-2/test_explain_deselections_warn_if_exceeds_no_warning_when_under0')>

    def test_explain_deselections_warn_if_exceeds_no_warning_when_under(pytester):
        pytester.makepyfile(
            test_w2="""
            def test_keep(): pass
            def test_other(): pass
            """
        )
        result = pytester.runpytest(
            "-q",
            "-k",
            "keep",
            "--explain-deselections",
            "--explain-deselections-warn-if-exceeds",
            "5",
        )
>       assert result.ret == 0
E       assert <ExitCode.USAGE_ERROR: 4> == 0
E        +  where <ExitCode.USAGE_ERROR: 4> = <RunResult ret=4 len(stdout.lines)=0 len(stderr.lines)=5 duration=0.01s>.ret

/app/testing/test_deselection_diagnostics.py:3201: AssertionError
----------------------------- Captured stderr call -----------------------------
ERROR: usage: __main__.py [options] [file_or_dir] [file_or_dir] [...]
__main__.py: error: unrecognized arguments: --explain-deselections --explain-deselections-warn-if-exceeds
  inifile: None
  rootdir: /tmp/pytest-of-root/pytest-2/test_explain_deselections_warn_if_exceeds_no_warning_when_under0

______ test_explain_deselections_warn_if_exceeds_not_triggered_when_equal ______

pytester = <Pytester PosixPath('/tmp/pytest-of-root/pytest-2/test_explain_deselections_warn_if_exceeds_not_triggered_when_equal0')>

    def test_explain_deselections_warn_if_exceeds_not_triggered_when_equal(pytester):
        pytester.makepyfile(
            test_weeq="""
            def test_keep(): pass
            def test_drop_1(): pass
            def test_drop_2(): pass
            """
        )
        result = pytester.runpytest(
            "-q",
            "-k",
            "keep",
            "--explain-deselections",
            "--explain-deselections-warn-if-exceeds",
            "2",
        )
>       assert result.ret == 0
E       assert <ExitCode.USAGE_ERROR: 4> == 0
E        +  where <ExitCode.USAGE_ERROR: 4> = <RunResult ret=4 len(stdout.lines)=0 len(stderr.lines)=5 duration=0.01s>.ret

/app/testing/test_deselection_diagnostics.py:3221: AssertionError
----------------------------- Captured stderr call -----------------------------
ERROR: usage: __main__.py [options] [file_or_dir] [file_or_dir] [...]
__main__.py: error: unrecognized arguments: --explain-deselections --explain-deselections-warn-if-exceeds
  inifile: None
  rootdir: /tmp/pytest-of-root/pytest-2/test_explain_deselections_warn_if_exceeds_not_triggered_when_equal0

_________ test_explain_deselections_warn_if_exceeds_zero_warns_on_any __________

pytester = <Pytester PosixPath('/tmp/pytest-of-root/pytest-2/test_explain_deselections_warn_if_exceeds_zero_warns_on_any0')>

    def test_explain_deselections_warn_if_exceeds_zero_warns_on_any(pytester):
        pytester.makepyfile(
            test_w3="""
            def test_keep(): pass
            def test_other(): pass
            """
        )
        result = pytester.runpytest(
            "-q",
            "-k",
            "keep",
            "--explain-deselections",
            "--explain-deselections-warn-if-exceeds",
            "0",
        )
>       assert result.ret == 0
E       assert <ExitCode.USAGE_ERROR: 4> == 0
E        +  where <ExitCode.USAGE_ERROR: 4> = <RunResult ret=4 len(stdout.lines)=0 len(stderr.lines)=5 duration=0.01s>.ret

/app/testing/test_deselection_diagnostics.py:3240: AssertionError
----------------------------- Captured stderr call -----------------------------
ERROR: usage: __main__.py [options] [file_or_dir] [file_or_dir] [...]
__main__.py: error: unrecognized arguments: --explain-deselections --explain-deselections-warn-if-exceeds
  inifile: None
  rootdir: /tmp/pytest-of-root/pytest-2/test_explain_deselections_warn_if_exceeds_zero_warns_on_any0

___________ test_explain_deselections_warn_if_exceeds_does_not_fail ____________

pytester = <Pytester PosixPath('/tmp/pytest-of-root/pytest-2/test_explain_deselections_warn_if_exceeds_does_not_fail0')>

    def test_explain_deselections_warn_if_exceeds_does_not_fail(pytester):
        pytester.makepyfile(
            test_w4="""
            def test_keep(): pass
            def test_a(): pass
            def test_b(): pass
            """
        )
        result = pytester.runpytest(
            "-q",
            "-k",
            "keep",
            "--explain-deselections",
            "--explain-deselections-warn-if-exceeds",
            "0",
        )
>       assert result.ret == 0
E       assert <ExitCode.USAGE_ERROR: 4> == 0
E        +  where <ExitCode.USAGE_ERROR: 4> = <RunResult ret=4 len(stdout.lines)=0 len(stderr.lines)=5 duration=0.01s>.ret

/app/testing/test_deselection_diagnostics.py:3260: AssertionError
----------------------------- Captured stderr call -----------------------------
ERROR: usage: __main__.py [options] [file_or_dir] [file_or_dir] [...]
__main__.py: error: unrecognized arguments: --explain-deselections --explain-deselections-warn-if-exceeds
  inifile: None
  rootdir: /tmp/pytest-of-root/pytest-2/test_explain_deselections_warn_if_exceeds_does_not_fail0

__________ test_explain_deselections_warn_if_exceeds_negative_invalid __________

pytester = <Pytester PosixPath('/tmp/pytest-of-root/pytest-2/test_explain_deselections_warn_if_exceeds_negative_invalid0')>

    def test_explain_deselections_warn_if_exceeds_negative_invalid(pytester):
        pytester.makepyfile(
            test_w5="""
            def test_a(): pass
            """
        )
        result = pytester.runpytest(
            "-q",
            "--explain-deselections",
            "--explain-deselections-warn-if-exceeds",
            "-1",
        )
        assert result.ret != 0
>       assert "must be >= 0" in result.stderr.str()
E       AssertionError: assert 'must be >= 0' in 'ERROR: usage: __main__.py [options] [file_or_dir] [file_or_dir] [...]\n__main__.py: error: unrecognized arguments: --...  inifile: None\n  rootdir: /tmp/pytest-of-root/pytest-2/test_explain_deselections_warn_if_exceeds_negative_invalid0\n'
E        +  where 'ERROR: usage: __main__.py [options] [file_or_dir] [file_or_dir] [...]\n__main__.py: error: unrecognized arguments: --...  inifile: None\n  rootdir: /tmp/pytest-of-root/pytest-2/test_explain_deselections_warn_if_exceeds_negative_invalid0\n' = str()
E        +    where str = <_pytest.pytester.LineMatcher object at 0x7effc1985370>.str
E        +      where <_pytest.pytester.LineMatcher object at 0x7effc1985370> = <RunResult ret=4 len(stdout.lines)=0 len(stderr.lines)=5 duration=0.01s>.stderr

/app/testing/test_deselection_diagnostics.py:3276: AssertionError
----------------------------- Captured stderr call -----------------------------
ERROR: usage: __main__.py [options] [file_or_dir] [file_or_dir] [...]
__main__.py: error: unrecognized arguments: --explain-deselections --explain-deselections-warn-if-exceeds
  inifile: None
  rootdir: /tmp/pytest-of-root/pytest-2/test_explain_deselections_warn_if_exceeds_negative_invalid0

__________________ test_explain_deselections_show_total_line ___________________

pytester = <Pytester PosixPath('/tmp/pytest-of-root/pytest-2/test_explain_deselections_show_total_line0')>

    def test_explain_deselections_show_total_line(pytester):
        pytester.makepyfile(
            test_st1="""
            def test_keep(): pass
            def test_a(): pass
            def test_b(): pass
            """
        )
        result = pytester.runpytest(
            "-q",
            "-k",
            "keep",
            "--explain-deselections",
            "--explain-deselections-show-total",
        )
>       assert result.ret == 0
E       assert <ExitCode.USAGE_ERROR: 4> == 0
E        +  where <ExitCode.USAGE_ERROR: 4> = <RunResult ret=4 len(stdout.lines)=0 len(stderr.lines)=5 duration=0.01s>.ret

/app/testing/test_deselection_diagnostics.py:3294: AssertionError
----------------------------- Captured stderr call -----------------------------
ERROR: usage: __main__.py [options] [file_or_dir] [file_or_dir] [...]
__main__.py: error: unrecognized arguments: --explain-deselections --explain-deselections-show-total
  inifile: None
  rootdir: /tmp/pytest-of-root/pytest-2/test_explain_deselections_show_total_line0

____________ test_explain_deselections_show_total_zero_deselections ____________

pytester = <Pytester PosixPath('/tmp/pytest-of-root/pytest-2/test_explain_deselections_show_total_zero_deselections0')>

    def test_explain_deselections_show_total_zero_deselections(pytester):
        pytester.makepyfile(
            test_st2="""
            def test_a(): pass
            def test_b(): pass
            """
        )
        result = pytester.runpytest(
            "-q",
            "--explain-deselections",
            "--explain-deselections-show-total",
        )
>       assert result.ret == 0
E       assert <ExitCode.USAGE_ERROR: 4> == 0
E        +  where <ExitCode.USAGE_ERROR: 4> = <RunResult ret=4 len(stdout.lines)=0 len(stderr.lines)=5 duration=0.01s>.ret

/app/testing/test_deselection_diagnostics.py:3310: AssertionError
----------------------------- Captured stderr call -----------------------------
ERROR: usage: __main__.py [options] [file_or_dir] [file_or_dir] [...]
__main__.py: error: unrecognized arguments: --explain-deselections --explain-deselections-show-total
  inifile: None
  rootdir: /tmp/pytest-of-root/pytest-2/test_explain_deselections_show_total_zero_deselections0

_______________ test_explain_deselections_reason_filter_matches ________________

pytester = <Pytester PosixPath('/tmp/pytest-of-root/pytest-2/test_explain_deselections_reason_filter_matches0')>

    def test_explain_deselections_reason_filter_matches(pytester):
        pytester.makepyfile(
            test_rf1="""
            def test_keep(): pass
            def test_a(): pass
            def test_b(): pass
            """
        )
        result = pytester.runpytest(
            "-q",
            "-k",
            "keep",
            "--deselect",
            "test_rf1.py::test_a",
            "--explain-deselections",
            "--explain-deselections-reason-filter",
            r"deselect",
        )
        out = result.stdout.str()
>       assert "--deselect" in out
E       AssertionError: assert '--deselect' in ''

/app/testing/test_deselection_diagnostics.py:3333: AssertionError
----------------------------- Captured stderr call -----------------------------
ERROR: usage: __main__.py [options] [file_or_dir] [file_or_dir] [...]
__main__.py: error: unrecognized arguments: --explain-deselections --explain-deselections-reason-filter
  inifile: None
  rootdir: /tmp/pytest-of-root/pytest-2/test_explain_deselections_reason_filter_matches0

_____________ test_explain_deselections_reason_filter_excludes_all _____________

pytester = <Pytester PosixPath('/tmp/pytest-of-root/pytest-2/test_explain_deselections_reason_filter_excludes_all0')>

    def test_explain_deselections_reason_filter_excludes_all(pytester):
        pytester.makepyfile(
            test_rf2="""
            def test_keep(): pass
            def test_a(): pass
            """
        )
        result = pytester.runpytest(
            "-q",
            "-k",
            "keep",
            "--explain-deselections",
            "--explain-deselections-reason-filter",
            r"^NOMATCH$",
        )
>       assert result.ret == 0
E       assert <ExitCode.USAGE_ERROR: 4> == 0
E        +  where <ExitCode.USAGE_ERROR: 4> = <RunResult ret=4 len(stdout.lines)=0 len(stderr.lines)=5 duration=0.01s>.ret

/app/testing/test_deselection_diagnostics.py:3352: AssertionError
----------------------------- Captured stderr call -----------------------------
ERROR: usage: __main__.py [options] [file_or_dir] [file_or_dir] [...]
__main__.py: error: unrecognized arguments: --explain-deselections --explain-deselections-reason-filter
  inifile: None
  rootdir: /tmp/pytest-of-root/pytest-2/test_explain_deselections_reason_filter_excludes_all0

___________ test_explain_deselections_reason_filter_empty_shows_all ____________

pytester = <Pytester PosixPath('/tmp/pytest-of-root/pytest-2/test_explain_deselections_reason_filter_empty_shows_all0')>

    def test_explain_deselections_reason_filter_empty_shows_all(pytester):
        pytester.makepyfile(
            test_rf3="""
            def test_keep(): pass
            def test_a(): pass
            def test_b(): pass
            """
        )
        result = pytester.runpytest(
            "-q",
            "--deselect",
            "test_rf3.py::test_a",
            "-k",
            "keep",
            "--explain-deselections",
        )
        out = result.stdout.str()
>       assert "--deselect" in out
E       AssertionError: assert '--deselect' in ''

/app/testing/test_deselection_diagnostics.py:3374: AssertionError
----------------------------- Captured stderr call -----------------------------
ERROR: usage: __main__.py [options] [file_or_dir] [file_or_dir] [...]
__main__.py: error: unrecognized arguments: --explain-deselections
  inifile: None
  rootdir: /tmp/pytest-of-root/pytest-2/test_explain_deselections_reason_filter_empty_shows_all0

____________ test_explain_deselections_reason_filter_invalid_regex _____________

pytester = <Pytester PosixPath('/tmp/pytest-of-root/pytest-2/test_explain_deselections_reason_filter_invalid_regex0')>

    def test_explain_deselections_reason_filter_invalid_regex(pytester):
        pytester.makepyfile(
            test_rf4="""
            def test_a(): pass
            """
        )
        result = pytester.runpytest(
            "-q",
            "--explain-deselections",
            "--explain-deselections-reason-filter",
            "[invalid",
        )
        assert result.ret != 0
>       assert "invalid regex" in result.stderr.str()
E       AssertionError: assert 'invalid regex' in 'ERROR: usage: __main__.py [options] [file_or_dir] [file_or_dir] [...]\n__main__.py: error: unrecognized arguments: --...ter\n  inifile: None\n  rootdir: /tmp/pytest-of-root/pytest-2/test_explain_deselections_reason_filter_invalid_regex0\n'
E        +  where 'ERROR: usage: __main__.py [options] [file_or_dir] [file_or_dir] [...]\n__main__.py: error: unrecognized arguments: --...ter\n  inifile: None\n  rootdir: /tmp/pytest-of-root/pytest-2/test_explain_deselections_reason_filter_invalid_regex0\n' = str()
E        +    where str = <_pytest.pytester.LineMatcher object at 0x7effc1a28aa0>.str
E        +      where <_pytest.pytester.LineMatcher object at 0x7effc1a28aa0> = <RunResult ret=4 len(stdout.lines)=0 len(stderr.lines)=5 duration=0.01s>.stderr

/app/testing/test_deselection_diagnostics.py:3391: AssertionError
----------------------------- Captured stderr call -----------------------------
ERROR: usage: __main__.py [options] [file_or_dir] [file_or_dir] [...]
__main__.py: error: unrecognized arguments: --explain-deselections --explain-deselections-reason-filter
  inifile: None
  rootdir: /tmp/pytest-of-root/pytest-2/test_explain_deselections_reason_filter_invalid_regex0

__________ test_explain_deselections_markdown_output_contains_header ___________

pytester = <Pytester PosixPath('/tmp/pytest-of-root/pytest-2/test_explain_deselections_markdown_output_contains_header0')>

    def test_explain_deselections_markdown_output_contains_header(pytester):
        pytester.makepyfile(
            test_md1="""
            def test_keep(): pass
            def test_other(): pass
            """
        )
        out_file = pytester.path / "report.md"
        result = pytester.runpytest(
            "-q",
            "-k",
            "keep",
            "--explain-deselections",
            "--explain-deselections-output",
            str(out_file),
        )
>       assert result.ret == 0
E       assert <ExitCode.USAGE_ERROR: 4> == 0
E        +  where <ExitCode.USAGE_ERROR: 4> = <RunResult ret=4 len(stdout.lines)=0 len(stderr.lines)=5 duration=0.01s>.ret

/app/testing/test_deselection_diagnostics.py:3410: AssertionError
----------------------------- Captured stderr call -----------------------------
ERROR: usage: __main__.py [options] [file_or_dir] [file_or_dir] [...]
__main__.py: error: unrecognized arguments: --explain-deselections --explain-deselections-output
  inifile: None
  rootdir: /tmp/pytest-of-root/pytest-2/test_explain_deselections_markdown_output_contains_header0

_____________ test_explain_deselections_markdown_table_has_reason ______________

pytester = <Pytester PosixPath('/tmp/pytest-of-root/pytest-2/test_explain_deselections_markdown_table_has_reason0')>

    def test_explain_deselections_markdown_table_has_reason(pytester):
        pytester.makepyfile(
            test_md2="""
            def test_keep(): pass
            def test_other(): pass
            """
        )
        out_file = pytester.path / "report.md"
        result = pytester.runpytest(
            "-q",
            "-k",
            "keep",
            "--explain-deselections",
            "--explain-deselections-output",
            str(out_file),
        )
>       assert result.ret == 0
E       assert <ExitCode.USAGE_ERROR: 4> == 0
E        +  where <ExitCode.USAGE_ERROR: 4> = <RunResult ret=4 len(stdout.lines)=0 len(stderr.lines)=5 duration=0.01s>.ret

/app/testing/test_deselection_diagnostics.py:3432: AssertionError
----------------------------- Captured stderr call -----------------------------
ERROR: usage: __main__.py [options] [file_or_dir] [file_or_dir] [...]
__main__.py: error: unrecognized arguments: --explain-deselections --explain-deselections-output
  inifile: None
  rootdir: /tmp/pytest-of-root/pytest-2/test_explain_deselections_markdown_table_has_reason0

_______ test_explain_deselections_markdown_renders_reason_with_ampersand _______

pytester = <Pytester PosixPath('/tmp/pytest-of-root/pytest-2/test_explain_deselections_markdown_renders_reason_with_ampersand0')>

    def test_explain_deselections_markdown_renders_reason_with_ampersand(pytester):
        group_dir = pytester.path / "grp&amp"
        group_dir.mkdir()
        (group_dir / "test_x.py").write_text("def test_a():\n    pass\n", encoding="utf-8")
        out_file = pytester.path / "amp.md"
        result = pytester.runpytest(
            "--import-mode=importlib",
            "-q",
            "--deselect",
            "grp&amp/test_x.py::test_a",
            "--explain-deselections",
            "--explain-deselections-output",
            str(out_file),
        )
>       assert result.ret in (0, 5)
E       assert <ExitCode.USAGE_ERROR: 4> in (0, 5)
E        +  where <ExitCode.USAGE_ERROR: 4> = <RunResult ret=4 len(stdout.lines)=0 len(stderr.lines)=5 duration=0.01s>.ret

/app/testing/test_deselection_diagnostics.py:3453: AssertionError
----------------------------- Captured stderr call -----------------------------
ERROR: usage: __main__.py [options] [file_or_dir] [file_or_dir] [...]
__main__.py: error: unrecognized arguments: --explain-deselections --explain-deselections-output
  inifile: None
  rootdir: /tmp/pytest-of-root/pytest-2/test_explain_deselections_markdown_renders_reason_with_ampersand0

______ test_explain_deselections_markdown_with_baseline_has_delta_column _______

pytester = <Pytester PosixPath('/tmp/pytest-of-root/pytest-2/test_explain_deselections_markdown_with_baseline_has_delta_column0')>

    def test_explain_deselections_markdown_with_baseline_has_delta_column(pytester):
        pytester.makepyfile(
            test_md3="""
            def test_keep(): pass
            def test_other(): pass
            """
        )
        baseline = {
            "schema_version": 1,
            "total_deselected": 1,
            "reasons": [{"reason": "-k keep", "count": 1, "nodeids": []}],
        }
        baseline_file = pytester.path / "baseline.json"
        baseline_file.write_text(json.dumps(baseline), encoding="utf-8")
        out_file = pytester.path / "report.md"
        result = pytester.runpytest(
            "-q",
            "-k",
            "keep",
            "--explain-deselections",
            "--explain-deselections-baseline",
            str(baseline_file),
            "--explain-deselections-output",
            str(out_file),
        )
>       assert result.ret == 0
E       assert <ExitCode.USAGE_ERROR: 4> == 0
E        +  where <ExitCode.USAGE_ERROR: 4> = <RunResult ret=4 len(stdout.lines)=0 len(stderr.lines)=5 duration=0.01s>.ret

/app/testing/test_deselection_diagnostics.py:3486: AssertionError
----------------------------- Captured stderr call -----------------------------
ERROR: usage: __main__.py [options] [file_or_dir] [file_or_dir] [...]
__main__.py: error: unrecognized arguments: --explain-deselections --explain-deselections-baseline --explain-deselections-output
  inifile: None
  rootdir: /tmp/pytest-of-root/pytest-2/test_explain_deselections_markdown_with_baseline_has_delta_column0

______________ test_explain_deselections_markdown_explicit_format ______________

pytester = <Pytester PosixPath('/tmp/pytest-of-root/pytest-2/test_explain_deselections_markdown_explicit_format0')>

    def test_explain_deselections_markdown_explicit_format(pytester):
        pytester.makepyfile(
            test_md4="""
            def test_keep(): pass
            def test_other(): pass
            """
        )
        out_file = pytester.path / "report.txt"
        result = pytester.runpytest(
            "-q",
            "-k",
            "keep",
            "--explain-deselections",
            "--explain-deselections-output",
            str(out_file) + ":md",
        )
>       assert result.ret == 0
E       assert <ExitCode.USAGE_ERROR: 4> == 0
E        +  where <ExitCode.USAGE_ERROR: 4> = <RunResult ret=4 len(stdout.lines)=0 len(stderr.lines)=5 duration=0.01s>.ret

/app/testing/test_deselection_diagnostics.py:3510: AssertionError
----------------------------- Captured stderr call -----------------------------
ERROR: usage: __main__.py [options] [file_or_dir] [file_or_dir] [...]
__main__.py: error: unrecognized arguments: --explain-deselections --explain-deselections-output
  inifile: None
  rootdir: /tmp/pytest-of-root/pytest-2/test_explain_deselections_markdown_explicit_format0

___________ test_explain_deselections_markdown_explicit_format_token ___________

pytester = <Pytester PosixPath('/tmp/pytest-of-root/pytest-2/test_explain_deselections_markdown_explicit_format_token0')>

    def test_explain_deselections_markdown_explicit_format_token(pytester):
        pytester.makepyfile(
            test_md_tok="""
            def test_keep(): pass
            def test_other(): pass
            """
        )
        out_file = pytester.path / "report.txt"
        result = pytester.runpytest(
            "-q",
            "-k",
            "keep",
            "--explain-deselections",
            "--explain-deselections-output",
            str(out_file) + ":markdown",
        )
>       assert result.ret == 0
E       assert <ExitCode.USAGE_ERROR: 4> == 0
E        +  where <ExitCode.USAGE_ERROR: 4> = <RunResult ret=4 len(stdout.lines)=0 len(stderr.lines)=5 duration=0.01s>.ret

/app/testing/test_deselection_diagnostics.py:3531: AssertionError
----------------------------- Captured stderr call -----------------------------
ERROR: usage: __main__.py [options] [file_or_dir] [file_or_dir] [...]
__main__.py: error: unrecognized arguments: --explain-deselections --explain-deselections-output
  inifile: None
  rootdir: /tmp/pytest-of-root/pytest-2/test_explain_deselections_markdown_explicit_format_token0

____________ test_explain_deselections_markdown_extension_inferred _____________

pytester = <Pytester PosixPath('/tmp/pytest-of-root/pytest-2/test_explain_deselections_markdown_extension_inferred0')>

    def test_explain_deselections_markdown_extension_inferred(pytester):
        pytester.makepyfile(
            test_md_ext="""
            def test_keep(): pass
            def test_other(): pass
            """
        )
        out_file = pytester.path / "report.markdown"
        result = pytester.runpytest(
            "-q",
            "-k",
            "keep",
            "--explain-deselections",
            "--explain-deselections-output",
            str(out_file),
        )
>       assert result.ret == 0
E       assert <ExitCode.USAGE_ERROR: 4> == 0
E        +  where <ExitCode.USAGE_ERROR: 4> = <RunResult ret=4 len(stdout.lines)=0 len(stderr.lines)=5 duration=0.01s>.ret

/app/testing/test_deselection_diagnostics.py:3552: AssertionError
----------------------------- Captured stderr call -----------------------------
ERROR: usage: __main__.py [options] [file_or_dir] [file_or_dir] [...]
__main__.py: error: unrecognized arguments: --explain-deselections --explain-deselections-output
  inifile: None
  rootdir: /tmp/pytest-of-root/pytest-2/test_explain_deselections_markdown_extension_inferred0

__________ test_explain_deselections_markdown_total_deselected_shown ___________

pytester = <Pytester PosixPath('/tmp/pytest-of-root/pytest-2/test_explain_deselections_markdown_total_deselected_shown0')>

    def test_explain_deselections_markdown_total_deselected_shown(pytester):
        pytester.makepyfile(
            test_md5="""
            def test_keep(): pass
            def test_a(): pass
            def test_b(): pass
            """
        )
        out_file = pytester.path / "report.md"
        result = pytester.runpytest(
            "-q",
            "-k",
            "keep",
            "--explain-deselections",
            "--explain-deselections-output",
            str(out_file),
        )
>       assert result.ret == 0
E       assert <ExitCode.USAGE_ERROR: 4> == 0
E        +  where <ExitCode.USAGE_ERROR: 4> = <RunResult ret=4 len(stdout.lines)=0 len(stderr.lines)=5 duration=0.01s>.ret

/app/testing/test_deselection_diagnostics.py:3574: AssertionError
----------------------------- Captured stderr call -----------------------------
ERROR: usage: __main__.py [options] [file_or_dir] [file_or_dir] [...]
__main__.py: error: unrecognized arguments: --explain-deselections --explain-deselections-output
  inifile: None
  rootdir: /tmp/pytest-of-root/pytest-2/test_explain_deselections_markdown_total_deselected_shown0

_____________ test_explain_deselections_html_output_is_valid_html ______________

pytester = <Pytester PosixPath('/tmp/pytest-of-root/pytest-2/test_explain_deselections_html_output_is_valid_html0')>

    def test_explain_deselections_html_output_is_valid_html(pytester):
        pytester.makepyfile(
            test_html1="""
            def test_keep(): pass
            def test_other(): pass
            """
        )
        out_file = pytester.path / "report.html"
        result = pytester.runpytest(
            "-q",
            "-k",
            "keep",
            "--explain-deselections",
            "--explain-deselections-output",
            str(out_file),
        )
>       assert result.ret == 0
E       assert <ExitCode.USAGE_ERROR: 4> == 0
E        +  where <ExitCode.USAGE_ERROR: 4> = <RunResult ret=4 len(stdout.lines)=0 len(stderr.lines)=5 duration=0.01s>.ret

/app/testing/test_deselection_diagnostics.py:3595: AssertionError
----------------------------- Captured stderr call -----------------------------
ERROR: usage: __main__.py [options] [file_or_dir] [file_or_dir] [...]
__main__.py: error: unrecognized arguments: --explain-deselections --explain-deselections-output
  inifile: None
  rootdir: /tmp/pytest-of-root/pytest-2/test_explain_deselections_html_output_is_valid_html0

________________ test_explain_deselections_html_contains_reason ________________

pytester = <Pytester PosixPath('/tmp/pytest-of-root/pytest-2/test_explain_deselections_html_contains_reason0')>

    def test_explain_deselections_html_contains_reason(pytester):
        pytester.makepyfile(
            test_html2="""
            def test_keep(): pass
            def test_other(): pass
            """
        )
        out_file = pytester.path / "report.html"
        result = pytester.runpytest(
            "-q",
            "-k",
            "keep",
            "--explain-deselections",
            "--explain-deselections-output",
            str(out_file),
        )
>       assert result.ret == 0
E       assert <ExitCode.USAGE_ERROR: 4> == 0
E        +  where <ExitCode.USAGE_ERROR: 4> = <RunResult ret=4 len(stdout.lines)=0 len(stderr.lines)=5 duration=0.01s>.ret

/app/testing/test_deselection_diagnostics.py:3618: AssertionError
----------------------------- Captured stderr call -----------------------------
ERROR: usage: __main__.py [options] [file_or_dir] [file_or_dir] [...]
__main__.py: error: unrecognized arguments: --explain-deselections --explain-deselections-output
  inifile: None
  rootdir: /tmp/pytest-of-root/pytest-2/test_explain_deselections_html_contains_reason0

____________ test_explain_deselections_html_total_deselected_shown _____________

pytester = <Pytester PosixPath('/tmp/pytest-of-root/pytest-2/test_explain_deselections_html_total_deselected_shown0')>

    def test_explain_deselections_html_total_deselected_shown(pytester):
        pytester.makepyfile(
            test_html5="""
            def test_keep(): pass
            def test_a(): pass
            def test_b(): pass
            """
        )
        out_file = pytester.path / "report.html"
        result = pytester.runpytest(
            "-q",
            "-k",
            "keep",
            "--explain-deselections",
            "--explain-deselections-output",
            str(out_file),
        )
>       assert result.ret == 0
E       assert <ExitCode.USAGE_ERROR: 4> == 0
E        +  where <ExitCode.USAGE_ERROR: 4> = <RunResult ret=4 len(stdout.lines)=0 len(stderr.lines)=5 duration=0.01s>.ret

/app/testing/test_deselection_diagnostics.py:3640: AssertionError
----------------------------- Captured stderr call -----------------------------
ERROR: usage: __main__.py [options] [file_or_dir] [file_or_dir] [...]
__main__.py: error: unrecognized arguments: --explain-deselections --explain-deselections-output
  inifile: None
  rootdir: /tmp/pytest-of-root/pytest-2/test_explain_deselections_html_total_deselected_shown0

__________ test_explain_deselections_html_escapes_ampersand_in_reason __________

pytester = <Pytester PosixPath('/tmp/pytest-of-root/pytest-2/test_explain_deselections_html_escapes_ampersand_in_reason0')>

    def test_explain_deselections_html_escapes_ampersand_in_reason(pytester):
        group_dir = pytester.path / "grp&amp"
        group_dir.mkdir()
        (group_dir / "test_x.py").write_text("def test_a():\n    pass\n", encoding="utf-8")
        out_file = pytester.path / "amp.html"
        result = pytester.runpytest(
            "--import-mode=importlib",
            "-q",
            "--deselect",
            "grp&amp/test_x.py::test_a",
            "--explain-deselections",
            "--explain-deselections-output",
            str(out_file),
        )
>       assert result.ret in (0, 5)
E       assert <ExitCode.USAGE_ERROR: 4> in (0, 5)
E        +  where <ExitCode.USAGE_ERROR: 4> = <RunResult ret=4 len(stdout.lines)=0 len(stderr.lines)=5 duration=0.01s>.ret

/app/testing/test_deselection_diagnostics.py:3660: AssertionError
----------------------------- Captured stderr call -----------------------------
ERROR: usage: __main__.py [options] [file_or_dir] [file_or_dir] [...]
__main__.py: error: unrecognized arguments: --explain-deselections --explain-deselections-output
  inifile: None
  rootdir: /tmp/pytest-of-root/pytest-2/test_explain_deselections_html_escapes_ampersand_in_reason0

______ test_explain_deselections_html_explicit_format_overrides_extension ______

pytester = <Pytester PosixPath('/tmp/pytest-of-root/pytest-2/test_explain_deselections_html_explicit_format_overrides_extension0')>

    def test_explain_deselections_html_explicit_format_overrides_extension(pytester):
        pytester.makepyfile(
            test_html3="""
            def test_keep(): pass
            def test_other(): pass
            """
        )
        out_file = pytester.path / "report.html"
        result = pytester.runpytest(
            "-q",
            "-k",
            "keep",
            "--explain-deselections",
            "--explain-deselections-output",
            str(out_file) + ":text",
        )
>       assert result.ret == 0
E       assert <ExitCode.USAGE_ERROR: 4> == 0
E        +  where <ExitCode.USAGE_ERROR: 4> = <RunResult ret=4 len(stdout.lines)=0 len(stderr.lines)=5 duration=0.01s>.ret

/app/testing/test_deselection_diagnostics.py:3682: AssertionError
----------------------------- Captured stderr call -----------------------------
ERROR: usage: __main__.py [options] [file_or_dir] [file_or_dir] [...]
__main__.py: error: unrecognized arguments: --explain-deselections --explain-deselections-output
  inifile: None
  rootdir: /tmp/pytest-of-root/pytest-2/test_explain_deselections_html_explicit_format_overrides_extension0

____________ test_explain_deselections_html_with_baseline_has_delta ____________

pytester = <Pytester PosixPath('/tmp/pytest-of-root/pytest-2/test_explain_deselections_html_with_baseline_has_delta0')>

    def test_explain_deselections_html_with_baseline_has_delta(pytester):
        pytester.makepyfile(
            test_html4="""
            def test_keep(): pass
            def test_other(): pass
            """
        )
        baseline = {
            "schema_version": 1,
            "total_deselected": 1,
            "reasons": [{"reason": "-k keep", "count": 1, "nodeids": []}],
        }
        baseline_file = pytester.path / "baseline.json"
        baseline_file.write_text(json.dumps(baseline), encoding="utf-8")
        out_file = pytester.path / "report.html"
        result = pytester.runpytest(
            "-q",
            "-k",
            "keep",
            "--explain-deselections",
            "--explain-deselections-baseline",
            str(baseline_file),
            "--explain-deselections-output",
            str(out_file),
        )
>       assert result.ret == 0
E       assert <ExitCode.USAGE_ERROR: 4> == 0
E        +  where <ExitCode.USAGE_ERROR: 4> = <RunResult ret=4 len(stdout.lines)=0 len(stderr.lines)=5 duration=0.01s>.ret

/app/testing/test_deselection_diagnostics.py:3713: AssertionError
----------------------------- Captured stderr call -----------------------------
ERROR: usage: __main__.py [options] [file_or_dir] [file_or_dir] [...]
__main__.py: error: unrecognized arguments: --explain-deselections --explain-deselections-baseline --explain-deselections-output
  inifile: None
  rootdir: /tmp/pytest-of-root/pytest-2/test_explain_deselections_html_with_baseline_has_delta0

___________ test_explain_deselections_json_no_nodeids_excludes_array ___________

pytester = <Pytester PosixPath('/tmp/pytest-of-root/pytest-2/test_explain_deselections_json_no_nodeids_excludes_array0')>

    def test_explain_deselections_json_no_nodeids_excludes_array(pytester):
        pytester.makepyfile(
            test_jni1="""
            def test_keep(): pass
            def test_a(): pass
            """
        )
        out_file = pytester.path / "report.json"
        result = pytester.runpytest(
            "-q",
            "-k",
            "keep",
            "--explain-deselections",
            "--explain-deselections-output",
            str(out_file),
            "--explain-deselections-max-nodeids",
            "10",
            "--explain-deselections-json-no-nodeids",
        )
>       assert result.ret == 0
E       assert <ExitCode.USAGE_ERROR: 4> == 0
E        +  where <ExitCode.USAGE_ERROR: 4> = <RunResult ret=4 len(stdout.lines)=0 len(stderr.lines)=5 duration=0.01s>.ret

/app/testing/test_deselection_diagnostics.py:3738: AssertionError
----------------------------- Captured stderr call -----------------------------
ERROR: usage: __main__.py [options] [file_or_dir] [file_or_dir] [...]
__main__.py: error: unrecognized arguments: --explain-deselections --explain-deselections-output --explain-deselections-max-nodeids --explain-deselections-json-no-nodeids
  inifile: None
  rootdir: /tmp/pytest-of-root/pytest-2/test_explain_deselections_json_no_nodeids_excludes_array0

__________ test_explain_deselections_json_nodeids_present_by_default ___________

pytester = <Pytester PosixPath('/tmp/pytest-of-root/pytest-2/test_explain_deselections_json_nodeids_present_by_default0')>

    def test_explain_deselections_json_nodeids_present_by_default(pytester):
        pytester.makepyfile(
            test_jni2="""
            def test_keep(): pass
            def test_a(): pass
            """
        )
        out_file = pytester.path / "report.json"
        result = pytester.runpytest(
            "-q",
            "-k",
            "keep",
            "--explain-deselections",
            "--explain-deselections-output",
            str(out_file),
        )
>       assert result.ret == 0
E       assert <ExitCode.USAGE_ERROR: 4> == 0
E        +  where <ExitCode.USAGE_ERROR: 4> = <RunResult ret=4 len(stdout.lines)=0 len(stderr.lines)=5 duration=0.01s>.ret

/app/testing/test_deselection_diagnostics.py:3760: AssertionError
----------------------------- Captured stderr call -----------------------------
ERROR: usage: __main__.py [options] [file_or_dir] [file_or_dir] [...]
__main__.py: error: unrecognized arguments: --explain-deselections --explain-deselections-output
  inifile: None
  rootdir: /tmp/pytest-of-root/pytest-2/test_explain_deselections_json_nodeids_present_by_default0

____________ test_explain_deselections_csv_with_delta_adds_columns _____________

pytester = <Pytester PosixPath('/tmp/pytest-of-root/pytest-2/test_explain_deselections_csv_with_delta_adds_columns0')>

    def test_explain_deselections_csv_with_delta_adds_columns(pytester):
        pytester.makepyfile(
            test_cwd1="""
            def test_keep(): pass
            def test_a(): pass
            """
        )
        baseline = {
            "schema_version": 1,
            "total_deselected": 1,
            "reasons": [{"reason": "-k keep", "count": 1, "nodeids": []}],
        }
        baseline_file = pytester.path / "baseline.json"
        baseline_file.write_text(json.dumps(baseline), encoding="utf-8")
        out_file = pytester.path / "report.csv"
        result = pytester.runpytest(
            "-q",
            "-k",
            "keep",
            "--explain-deselections",
            "--explain-deselections-baseline",
            str(baseline_file),
            "--explain-deselections-output",
            str(out_file),
            "--explain-deselections-csv-with-delta",
        )
>       assert result.ret == 0
E       assert <ExitCode.USAGE_ERROR: 4> == 0
E        +  where <ExitCode.USAGE_ERROR: 4> = <RunResult ret=4 len(stdout.lines)=0 len(stderr.lines)=5 duration=0.01s>.ret

/app/testing/test_deselection_diagnostics.py:3792: AssertionError
----------------------------- Captured stderr call -----------------------------
ERROR: usage: __main__.py [options] [file_or_dir] [file_or_dir] [...]
__main__.py: error: unrecognized arguments: --explain-deselections --explain-deselections-baseline --explain-deselections-output --explain-deselections-csv-with-delta
  inifile: None
  rootdir: /tmp/pytest-of-root/pytest-2/test_explain_deselections_csv_with_delta_adds_columns0

_____________ test_explain_deselections_csv_with_delta_row_values ______________

pytester = <Pytester PosixPath('/tmp/pytest-of-root/pytest-2/test_explain_deselections_csv_with_delta_row_values0')>

    def test_explain_deselections_csv_with_delta_row_values(pytester):
        pytester.makepyfile(
            test_cwdrow="""
            def test_keep(): pass
            def test_a(): pass
            def test_b(): pass
            """
        )
        baseline = {
            "schema_version": 1,
            "total_deselected": 1,
            "reasons": [{"reason": "-k keep", "count": 1, "nodeids": []}],
        }
        baseline_file = pytester.path / "baseline.json"
        baseline_file.write_text(json.dumps(baseline), encoding="utf-8")
        out_file = pytester.path / "row.csv"
        result = pytester.runpytest(
            "-q",
            "-k",
            "keep",
            "--explain-deselections",
            "--explain-deselections-baseline",
            str(baseline_file),
            "--explain-deselections-output",
            str(out_file),
            "--explain-deselections-csv-with-delta",
        )
>       assert result.ret == 0
E       assert <ExitCode.USAGE_ERROR: 4> == 0
E        +  where <ExitCode.USAGE_ERROR: 4> = <RunResult ret=4 len(stdout.lines)=0 len(stderr.lines)=5 duration=0.01s>.ret

/app/testing/test_deselection_diagnostics.py:3824: AssertionError
----------------------------- Captured stderr call -----------------------------
ERROR: usage: __main__.py [options] [file_or_dir] [file_or_dir] [...]
__main__.py: error: unrecognized arguments: --explain-deselections --explain-deselections-baseline --explain-deselections-output --explain-deselections-csv-with-delta
  inifile: None
  rootdir: /tmp/pytest-of-root/pytest-2/test_explain_deselections_csv_with_delta_row_values0

_________ test_explain_deselections_csv_without_delta_has_two_columns __________

pytester = <Pytester PosixPath('/tmp/pytest-of-root/pytest-2/test_explain_deselections_csv_without_delta_has_two_columns0')>

    def test_explain_deselections_csv_without_delta_has_two_columns(pytester):
        pytester.makepyfile(
            test_cwd2="""
            def test_keep(): pass
            def test_a(): pass
            """
        )
        baseline = {
            "schema_version": 1,
            "total_deselected": 0,
            "reasons": [],
        }
        baseline_file = pytester.path / "baseline.json"
        baseline_file.write_text(json.dumps(baseline), encoding="utf-8")
        out_file = pytester.path / "report.csv"
        result = pytester.runpytest(
            "-q",
            "-k",
            "keep",
            "--explain-deselections",
            "--explain-deselections-baseline",
            str(baseline_file),
            "--explain-deselections-output",
            str(out_file),
        )
>       assert result.ret == 0
E       assert <ExitCode.USAGE_ERROR: 4> == 0
E        +  where <ExitCode.USAGE_ERROR: 4> = <RunResult ret=4 len(stdout.lines)=0 len(stderr.lines)=5 duration=0.01s>.ret

/app/testing/test_deselection_diagnostics.py:3855: AssertionError
----------------------------- Captured stderr call -----------------------------
ERROR: usage: __main__.py [options] [file_or_dir] [file_or_dir] [...]
__main__.py: error: unrecognized arguments: --explain-deselections --explain-deselections-baseline --explain-deselections-output
  inifile: None
  rootdir: /tmp/pytest-of-root/pytest-2/test_explain_deselections_csv_without_delta_has_two_columns0

____________ test_explain_deselections_min_delta_filters_unchanged _____________

pytester = <Pytester PosixPath('/tmp/pytest-of-root/pytest-2/test_explain_deselections_min_delta_filters_unchanged0')>

    def test_explain_deselections_min_delta_filters_unchanged(pytester):
        pytester.makepyfile(
            test_mndlt="""
            def test_keep(): pass
            def test_x1(): pass
            def test_x2(): pass
            """
        )
        baseline = {
            "schema_version": 1,
            "total_deselected": 2,
            "reasons": [
                {"reason": "-k keep", "count": 2, "nodeids": []},
            ],
        }
        baseline_file = pytester.path / "baseline.json"
        baseline_file.write_text(json.dumps(baseline), encoding="utf-8")
        result = pytester.runpytest(
            "-q",
            "-k",
            "keep",
            "--explain-deselections",
            "--explain-deselections-baseline",
            str(baseline_file),
            "--explain-deselections-min-delta",
            "2",
        )
>       assert result.ret == 0
E       assert <ExitCode.USAGE_ERROR: 4> == 0
E        +  where <ExitCode.USAGE_ERROR: 4> = <RunResult ret=4 len(stdout.lines)=0 len(stderr.lines)=5 duration=0.01s>.ret

/app/testing/test_deselection_diagnostics.py:3888: AssertionError
----------------------------- Captured stderr call -----------------------------
ERROR: usage: __main__.py [options] [file_or_dir] [file_or_dir] [...]
__main__.py: error: unrecognized arguments: --explain-deselections --explain-deselections-baseline --explain-deselections-min-delta
  inifile: None
  rootdir: /tmp/pytest-of-root/pytest-2/test_explain_deselections_min_delta_filters_unchanged0

______________ test_explain_deselections_min_delta_shows_changed _______________

pytester = <Pytester PosixPath('/tmp/pytest-of-root/pytest-2/test_explain_deselections_min_delta_shows_changed0')>

    def test_explain_deselections_min_delta_shows_changed(pytester):
        pytester.makepyfile(
            test_mndlt2="""
            def test_keep(): pass
            def test_a(): pass
            def test_b(): pass
            def test_c(): pass
            """
        )
        baseline = {
            "schema_version": 1,
            "total_deselected": 1,
            "reasons": [
                {"reason": "-k keep", "count": 1, "nodeids": []},
            ],
        }
        baseline_file = pytester.path / "baseline.json"
        baseline_file.write_text(json.dumps(baseline), encoding="utf-8")
        result = pytester.runpytest(
            "-q",
            "-k",
            "keep",
            "--explain-deselections",
            "--explain-deselections-baseline",
            str(baseline_file),
            "--explain-deselections-min-delta",
            "2",
        )
        out = result.stdout.str()
>       assert "deselected by -k keep" in out
E       AssertionError: assert 'deselected by -k keep' in ''

/app/testing/test_deselection_diagnostics.py:3922: AssertionError
----------------------------- Captured stderr call -----------------------------
ERROR: usage: __main__.py [options] [file_or_dir] [file_or_dir] [...]
__main__.py: error: unrecognized arguments: --explain-deselections --explain-deselections-baseline --explain-deselections-min-delta
  inifile: None
  rootdir: /tmp/pytest-of-root/pytest-2/test_explain_deselections_min_delta_shows_changed0

_____________ test_explain_deselections_min_delta_negative_invalid _____________

pytester = <Pytester PosixPath('/tmp/pytest-of-root/pytest-2/test_explain_deselections_min_delta_negative_invalid0')>

    def test_explain_deselections_min_delta_negative_invalid(pytester):
        pytester.makepyfile(
            test_mndlt3="""
            def test_a(): pass
            """
        )
        result = pytester.runpytest(
            "-q",
            "--explain-deselections",
            "--explain-deselections-min-delta",
            "-1",
        )
        assert result.ret != 0
>       assert "must be >= 0" in result.stderr.str()
E       AssertionError: assert 'must be >= 0' in 'ERROR: usage: __main__.py [options] [file_or_dir] [file_or_dir] [...]\n__main__.py: error: unrecognized arguments: --...elta\n  inifile: None\n  rootdir: /tmp/pytest-of-root/pytest-2/test_explain_deselections_min_delta_negative_invalid0\n'
E        +  where 'ERROR: usage: __main__.py [options] [file_or_dir] [file_or_dir] [...]\n__main__.py: error: unrecognized arguments: --...elta\n  inifile: None\n  rootdir: /tmp/pytest-of-root/pytest-2/test_explain_deselections_min_delta_negative_invalid0\n' = str()
E        +    where str = <_pytest.pytester.LineMatcher object at 0x7effc183db20>.str
E        +      where <_pytest.pytester.LineMatcher object at 0x7effc183db20> = <RunResult ret=4 len(stdout.lines)=0 len(stderr.lines)=5 duration=0.01s>.stderr

/app/testing/test_deselection_diagnostics.py:3938: AssertionError
----------------------------- Captured stderr call -----------------------------
ERROR: usage: __main__.py [options] [file_or_dir] [file_or_dir] [...]
__main__.py: error: unrecognized arguments: --explain-deselections --explain-deselections-min-delta
  inifile: None
  rootdir: /tmp/pytest-of-root/pytest-2/test_explain_deselections_min_delta_negative_invalid0

____________ test_explain_deselections_min_delta_requires_baseline _____________

pytester = <Pytester PosixPath('/tmp/pytest-of-root/pytest-2/test_explain_deselections_min_delta_requires_baseline0')>

    def test_explain_deselections_min_delta_requires_baseline(pytester):
        pytester.makepyfile(
            test_mndlt4="""
            def test_a(): pass
            """
        )
        result = pytester.runpytest(
            "-q",
            "--explain-deselections",
            "--explain-deselections-min-delta",
            "1",
        )
        assert result.ret != 0
>       assert "requires --explain-deselections-baseline" in result.stderr.str()
E       AssertionError: assert 'requires --explain-deselections-baseline' in 'ERROR: usage: __main__.py [options] [file_or_dir] [file_or_dir] [...]\n__main__.py: error: unrecognized arguments: --...lta\n  inifile: None\n  rootdir: /tmp/pytest-of-root/pytest-2/test_explain_deselections_min_delta_requires_baseline0\n'
E        +  where 'ERROR: usage: __main__.py [options] [file_or_dir] [file_or_dir] [...]\n__main__.py: error: unrecognized arguments: --...lta\n  inifile: None\n  rootdir: /tmp/pytest-of-root/pytest-2/test_explain_deselections_min_delta_requires_baseline0\n' = str()
E        +    where str = <_pytest.pytester.LineMatcher object at 0x7effc057b200>.str
E        +      where <_pytest.pytester.LineMatcher object at 0x7effc057b200> = <RunResult ret=4 len(stdout.lines)=0 len(stderr.lines)=5 duration=0.01s>.stderr

/app/testing/test_deselection_diagnostics.py:3954: AssertionError
----------------------------- Captured stderr call -----------------------------
ERROR: usage: __main__.py [options] [file_or_dir] [file_or_dir] [...]
__main__.py: error: unrecognized arguments: --explain-deselections --explain-deselections-min-delta
  inifile: None
  rootdir: /tmp/pytest-of-root/pytest-2/test_explain_deselections_min_delta_requires_baseline0

__________ test_explain_deselections_html_inferred_from_htm_extension __________

pytester = <Pytester PosixPath('/tmp/pytest-of-root/pytest-2/test_explain_deselections_html_inferred_from_htm_extension0')>

    def test_explain_deselections_html_inferred_from_htm_extension(pytester):
        pytester.makepyfile(
            test_htmext="""
            def test_keep(): pass
            def test_other(): pass
            """
        )
        out_file = pytester.path / "report.htm"
        result = pytester.runpytest(
            "-q",
            "-k",
            "keep",
            "--explain-deselections",
            "--explain-deselections-output",
            str(out_file),
        )
>       assert result.ret == 0
E       assert <ExitCode.USAGE_ERROR: 4> == 0
E        +  where <ExitCode.USAGE_ERROR: 4> = <RunResult ret=4 len(stdout.lines)=0 len(stderr.lines)=5 duration=0.01s>.ret

/app/testing/test_deselection_diagnostics.py:3973: AssertionError
----------------------------- Captured stderr call -----------------------------
ERROR: usage: __main__.py [options] [file_or_dir] [file_or_dir] [...]
__main__.py: error: unrecognized arguments: --explain-deselections --explain-deselections-output
  inifile: None
  rootdir: /tmp/pytest-of-root/pytest-2/test_explain_deselections_html_inferred_from_htm_extension0

__________ test_explain_deselections_markdown_no_deselections_message __________

pytester = <Pytester PosixPath('/tmp/pytest-of-root/pytest-2/test_explain_deselections_markdown_no_deselections_message0')>

    def test_explain_deselections_markdown_no_deselections_message(pytester):
        pytester.makepyfile(
            test_mdnd="""
            def test_a(): pass
            def test_b(): pass
            """
        )
        out_file = pytester.path / "report.md"
        result = pytester.runpytest(
            "-q",
            "--explain-deselections",
            "--explain-deselections-output",
            str(out_file),
        )
>       assert result.ret == 0
E       assert <ExitCode.USAGE_ERROR: 4> == 0
E        +  where <ExitCode.USAGE_ERROR: 4> = <RunResult ret=4 len(stdout.lines)=0 len(stderr.lines)=5 duration=0.01s>.ret

/app/testing/test_deselection_diagnostics.py:3992: AssertionError
----------------------------- Captured stderr call -----------------------------
ERROR: usage: __main__.py [options] [file_or_dir] [file_or_dir] [...]
__main__.py: error: unrecognized arguments: --explain-deselections --explain-deselections-output
  inifile: None
  rootdir: /tmp/pytest-of-root/pytest-2/test_explain_deselections_markdown_no_deselections_message0

____________ test_explain_deselections_html_no_deselections_message ____________

pytester = <Pytester PosixPath('/tmp/pytest-of-root/pytest-2/test_explain_deselections_html_no_deselections_message0')>

    def test_explain_deselections_html_no_deselections_message(pytester):
        pytester.makepyfile(
            test_htmlnd="""
            def test_a(): pass
            def test_b(): pass
            """
        )
        out_file = pytester.path / "report.html"
        result = pytester.runpytest(
            "-q",
            "--explain-deselections",
            "--explain-deselections-output",
            str(out_file),
        )
>       assert result.ret == 0
E       assert <ExitCode.USAGE_ERROR: 4> == 0
E        +  where <ExitCode.USAGE_ERROR: 4> = <RunResult ret=4 len(stdout.lines)=0 len(stderr.lines)=5 duration=0.01s>.ret

/app/testing/test_deselection_diagnostics.py:4011: AssertionError
----------------------------- Captured stderr call -----------------------------
ERROR: usage: __main__.py [options] [file_or_dir] [file_or_dir] [...]
__main__.py: error: unrecognized arguments: --explain-deselections --explain-deselections-output
  inifile: None
  rootdir: /tmp/pytest-of-root/pytest-2/test_explain_deselections_html_no_deselections_message0

_____________ test_explain_deselections_reason_filter_with_sort_by _____________

pytester = <Pytester PosixPath('/tmp/pytest-of-root/pytest-2/test_explain_deselections_reason_filter_with_sort_by0')>

    def test_explain_deselections_reason_filter_with_sort_by(pytester):
        pytester.makepyfile(
            test_rfsort="""
            def test_keep(): pass
            def test_a(): pass
            def test_b(): pass
            def test_c(): pass
            """
        )
        result = pytester.runpytest(
            "-q",
            "--deselect",
            "test_rfsort.py::test_a",
            "-k",
            "keep",
            "--explain-deselections",
            "--explain-deselections-reason-filter",
            r"deselect",
            "--explain-deselections-sort-by",
            "count",
        )
        out = result.stdout.str()
>       assert "--deselect" in out
E       AssertionError: assert '--deselect' in ''

/app/testing/test_deselection_diagnostics.py:4038: AssertionError
----------------------------- Captured stderr call -----------------------------
ERROR: usage: __main__.py [options] [file_or_dir] [file_or_dir] [...]
__main__.py: error: unrecognized arguments: --explain-deselections --explain-deselections-reason-filter --explain-deselections-sort-by
  inifile: None
  rootdir: /tmp/pytest-of-root/pytest-2/test_explain_deselections_reason_filter_with_sort_by0

_____________ test_explain_deselections_warn_and_fail_both_trigger _____________

pytester = <Pytester PosixPath('/tmp/pytest-of-root/pytest-2/test_explain_deselections_warn_and_fail_both_trigger0')>

    def test_explain_deselections_warn_and_fail_both_trigger(pytester):
        pytester.makepyfile(
            test_wf="""
            def test_keep(): pass
            def test_a(): pass
            def test_b(): pass
            def test_c(): pass
            """
        )
        result = pytester.runpytest(
            "-q",
            "-k",
            "keep",
            "--explain-deselections",
            "--explain-deselections-warn-if-exceeds",
            "0",
            "--explain-deselections-fail-if-exceeds",
            "0",
        )
        assert result.ret != 0
        out = result.stdout.str()
>       assert "DESELECTION WARNING" in out
E       AssertionError: assert 'DESELECTION WARNING' in ''

/app/testing/test_deselection_diagnostics.py:4063: AssertionError
----------------------------- Captured stderr call -----------------------------
ERROR: usage: __main__.py [options] [file_or_dir] [file_or_dir] [...]
__main__.py: error: unrecognized arguments: --explain-deselections --explain-deselections-warn-if-exceeds --explain-deselections-fail-if-exceeds
  inifile: None
  rootdir: /tmp/pytest-of-root/pytest-2/test_explain_deselections_warn_and_fail_both_trigger0

______________ test_explain_deselections_show_total_with_baseline ______________

pytester = <Pytester PosixPath('/tmp/pytest-of-root/pytest-2/test_explain_deselections_show_total_with_baseline0')>

    def test_explain_deselections_show_total_with_baseline(pytester):
        pytester.makepyfile(
            test_stb="""
            def test_keep(): pass
            def test_a(): pass
            """
        )
        baseline = {
            "schema_version": 1,
            "total_deselected": 0,
            "reasons": [],
        }
        baseline_file = pytester.path / "baseline.json"
        baseline_file.write_text(json.dumps(baseline), encoding="utf-8")
        result = pytester.runpytest(
            "-q",
            "-k",
            "keep",
            "--explain-deselections",
            "--explain-deselections-baseline",
            str(baseline_file),
            "--explain-deselections-show-total",
        )
        out = result.stdout.str()
>       assert "Total deselected: 1" in out
E       AssertionError: assert 'Total deselected: 1' in ''

/app/testing/test_deselection_diagnostics.py:4091: AssertionError
----------------------------- Captured stderr call -----------------------------
ERROR: usage: __main__.py [options] [file_or_dir] [file_or_dir] [...]
__main__.py: error: unrecognized arguments: --explain-deselections --explain-deselections-baseline --explain-deselections-show-total
  inifile: None
  rootdir: /tmp/pytest-of-root/pytest-2/test_explain_deselections_show_total_with_baseline0

__________ test_explain_deselections_markdown_verbose_nodeids_section __________

pytester = <Pytester PosixPath('/tmp/pytest-of-root/pytest-2/test_explain_deselections_markdown_verbose_nodeids_section0')>

    def test_explain_deselections_markdown_verbose_nodeids_section(pytester):
        pytester.makepyfile(
            test_mdv="""
            def test_keep(): pass
            def test_other(): pass
            """
        )
        out_file = pytester.path / "report.md"
        result = pytester.runpytest(
            "-q",
            "-k",
            "keep",
            "--explain-deselections",
            "--explain-deselections-verbose",
            "--explain-deselections-max-nodeids",
            "5",
            "--explain-deselections-output",
            str(out_file),
        )
>       assert result.ret == 0
E       assert <ExitCode.USAGE_ERROR: 4> == 0
E        +  where <ExitCode.USAGE_ERROR: 4> = <RunResult ret=4 len(stdout.lines)=0 len(stderr.lines)=5 duration=0.01s>.ret

/app/testing/test_deselection_diagnostics.py:4113: AssertionError
----------------------------- Captured stderr call -----------------------------
ERROR: usage: __main__.py [options] [file_or_dir] [file_or_dir] [...]
__main__.py: error: unrecognized arguments: --explain-deselections --explain-deselections-verbose --explain-deselections-max-nodeids --explain-deselections-output
  inifile: None
  rootdir: /tmp/pytest-of-root/pytest-2/test_explain_deselections_markdown_verbose_nodeids_section0

_____________ test_explain_deselections_html_verbose_shows_nodeids _____________

pytester = <Pytester PosixPath('/tmp/pytest-of-root/pytest-2/test_explain_deselections_html_verbose_shows_nodeids0')>

    def test_explain_deselections_html_verbose_shows_nodeids(pytester):
        pytester.makepyfile(
            test_htmlv="""
            def test_keep(): pass
            def test_other(): pass
            """
        )
        out_file = pytester.path / "report.html"
        result = pytester.runpytest(
            "-q",
            "-k",
            "keep",
            "--explain-deselections",
            "--explain-deselections-verbose",
            "--explain-deselections-max-nodeids",
            "5",
            "--explain-deselections-output",
            str(out_file),
        )
>       assert result.ret == 0
E       assert <ExitCode.USAGE_ERROR: 4> == 0
E        +  where <ExitCode.USAGE_ERROR: 4> = <RunResult ret=4 len(stdout.lines)=0 len(stderr.lines)=5 duration=0.01s>.ret

/app/testing/test_deselection_diagnostics.py:4138: AssertionError
----------------------------- Captured stderr call -----------------------------
ERROR: usage: __main__.py [options] [file_or_dir] [file_or_dir] [...]
__main__.py: error: unrecognized arguments: --explain-deselections --explain-deselections-verbose --explain-deselections-max-nodeids --explain-deselections-output
  inifile: None
  rootdir: /tmp/pytest-of-root/pytest-2/test_explain_deselections_html_verbose_shows_nodeids0

______________ test_explain_deselections_show_stats_prints_block _______________

pytester = <Pytester PosixPath('/tmp/pytest-of-root/pytest-2/test_explain_deselections_show_stats_prints_block0')>

    def test_explain_deselections_show_stats_prints_block(pytester):
        pytester.makepyfile(
            test_ss1="""
            def test_keep(): pass
            def test_a(): pass
            def test_b(): pass
            """
        )
        result = pytester.runpytest(
            "-q",
            "-k",
            "keep",
            "--explain-deselections",
            "--explain-deselections-show-stats",
        )
        out = result.stdout.str()
>       assert "Deselection statistics:" in out
E       AssertionError: assert 'Deselection statistics:' in ''

/app/testing/test_deselection_diagnostics.py:4160: AssertionError
----------------------------- Captured stderr call -----------------------------
ERROR: usage: __main__.py [options] [file_or_dir] [file_or_dir] [...]
__main__.py: error: unrecognized arguments: --explain-deselections --explain-deselections-show-stats
  inifile: None
  rootdir: /tmp/pytest-of-root/pytest-2/test_explain_deselections_show_stats_prints_block0

_____________ test_explain_deselections_show_stats_includes_counts _____________

pytester = <Pytester PosixPath('/tmp/pytest-of-root/pytest-2/test_explain_deselections_show_stats_includes_counts0')>

    def test_explain_deselections_show_stats_includes_counts(pytester):
        pytester.makepyfile(
            test_ss2="""
            def test_keep(): pass
            def test_a(): pass
            def test_b(): pass
            def test_c(): pass
            """
        )
        result = pytester.runpytest(
            "-q",
            "-k",
            "keep",
            "--explain-deselections",
            "--explain-deselections-show-stats",
        )
        out = result.stdout.str()
>       assert "max per reason:" in out
E       AssertionError: assert 'max per reason:' in ''

/app/testing/test_deselection_diagnostics.py:4182: AssertionError
----------------------------- Captured stderr call -----------------------------
ERROR: usage: __main__.py [options] [file_or_dir] [file_or_dir] [...]
__main__.py: error: unrecognized arguments: --explain-deselections --explain-deselections-show-stats
  inifile: None
  rootdir: /tmp/pytest-of-root/pytest-2/test_explain_deselections_show_stats_includes_counts0

______________ test_explain_deselections_show_stats_with_baseline ______________

pytester = <Pytester PosixPath('/tmp/pytest-of-root/pytest-2/test_explain_deselections_show_stats_with_baseline0')>

    def test_explain_deselections_show_stats_with_baseline(pytester):
        pytester.makepyfile(
            test_ss3="""
            def test_keep(): pass
            def test_a(): pass
            """
        )
        baseline = {
            "schema_version": 1,
            "total_deselected": 0,
            "reasons": [],
        }
        baseline_file = pytester.path / "baseline.json"
        baseline_file.write_text(json.dumps(baseline), encoding="utf-8")
        result = pytester.runpytest(
            "-q",
            "-k",
            "keep",
            "--explain-deselections",
            "--explain-deselections-baseline",
            str(baseline_file),
            "--explain-deselections-show-stats",
        )
        out = result.stdout.str()
>       assert "new reasons:" in out
E       AssertionError: assert 'new reasons:' in ''

/app/testing/test_deselection_diagnostics.py:4210: AssertionError
----------------------------- Captured stderr call -----------------------------
ERROR: usage: __main__.py [options] [file_or_dir] [file_or_dir] [...]
__main__.py: error: unrecognized arguments: --explain-deselections --explain-deselections-baseline --explain-deselections-show-stats
  inifile: None
  rootdir: /tmp/pytest-of-root/pytest-2/test_explain_deselections_show_stats_with_baseline0

_____________ test_explain_deselections_reasons_cap_limits_output ______________

pytester = <Pytester PosixPath('/tmp/pytest-of-root/pytest-2/test_explain_deselections_reasons_cap_limits_output0')>

    def test_explain_deselections_reasons_cap_limits_output(pytester):
        pytester.makepyfile(
            test_rc1="""
            def test_a(): pass
            def test_b(): pass
            def test_c(): pass
            """
        )
        result = pytester.runpytest(
            "-q",
            "--deselect",
            "test_rc1.py::test_a",
            "--deselect",
            "test_rc1.py::test_b",
            "--deselect",
            "test_rc1.py::test_c",
            "--explain-deselections",
            "--explain-deselections-reasons-cap",
            "1",
        )
        out = result.stdout.str()
>       assert out.count("deselected by") == 1
E       AssertionError: assert 0 == 1
E        +  where 0 = <built-in method count of str object at 0x7effc3d17270>('deselected by')
E        +    where <built-in method count of str object at 0x7effc3d17270> = ''.count

/app/testing/test_deselection_diagnostics.py:4235: AssertionError
----------------------------- Captured stderr call -----------------------------
ERROR: usage: __main__.py [options] [file_or_dir] [file_or_dir] [...]
__main__.py: error: unrecognized arguments: --explain-deselections --explain-deselections-reasons-cap
  inifile: None
  rootdir: /tmp/pytest-of-root/pytest-2/test_explain_deselections_reasons_cap_limits_output0

_____________ test_explain_deselections_reasons_cap_zero_shows_all _____________

pytester = <Pytester PosixPath('/tmp/pytest-of-root/pytest-2/test_explain_deselections_reasons_cap_zero_shows_all0')>

    def test_explain_deselections_reasons_cap_zero_shows_all(pytester):
        pytester.makepyfile(
            test_rc2="""
            def test_a(): pass
            def test_b(): pass
            """
        )
        result = pytester.runpytest(
            "-q",
            "--deselect",
            "test_rc2.py::test_a",
            "--deselect",
            "test_rc2.py::test_b",
            "--explain-deselections",
            "--explain-deselections-reasons-cap",
            "0",
        )
        out = result.stdout.str()
>       assert out.count("deselected by") == 2
E       AssertionError: assert 0 == 2
E        +  where 0 = <built-in method count of str object at 0x7effc3d17270>('deselected by')
E        +    where <built-in method count of str object at 0x7effc3d17270> = ''.count

/app/testing/test_deselection_diagnostics.py:4256: AssertionError
----------------------------- Captured stderr call -----------------------------
ERROR: usage: __main__.py [options] [file_or_dir] [file_or_dir] [...]
__main__.py: error: unrecognized arguments: --explain-deselections --explain-deselections-reasons-cap
  inifile: None
  rootdir: /tmp/pytest-of-root/pytest-2/test_explain_deselections_reasons_cap_zero_shows_all0

____________ test_explain_deselections_reasons_cap_negative_invalid ____________

pytester = <Pytester PosixPath('/tmp/pytest-of-root/pytest-2/test_explain_deselections_reasons_cap_negative_invalid0')>

    def test_explain_deselections_reasons_cap_negative_invalid(pytester):
        pytester.makepyfile(
            test_rc3="""
            def test_a(): pass
            """
        )
        result = pytester.runpytest(
            "-q",
            "--explain-deselections",
            "--explain-deselections-reasons-cap",
            "-1",
        )
        assert result.ret != 0
>       assert "must be >= 0" in result.stderr.str()
E       AssertionError: assert 'must be >= 0' in 'ERROR: usage: __main__.py [options] [file_or_dir] [file_or_dir] [...]\n__main__.py: error: unrecognized arguments: --...ap\n  inifile: None\n  rootdir: /tmp/pytest-of-root/pytest-2/test_explain_deselections_reasons_cap_negative_invalid0\n'
E        +  where 'ERROR: usage: __main__.py [options] [file_or_dir] [file_or_dir] [...]\n__main__.py: error: unrecognized arguments: --...ap\n  inifile: None\n  rootdir: /tmp/pytest-of-root/pytest-2/test_explain_deselections_reasons_cap_negative_invalid0\n' = str()
E        +    where str = <_pytest.pytester.LineMatcher object at 0x7effc09b4e30>.str
E        +      where <_pytest.pytester.LineMatcher object at 0x7effc09b4e30> = <RunResult ret=4 len(stdout.lines)=0 len(stderr.lines)=5 duration=0.01s>.stderr

/app/testing/test_deselection_diagnostics.py:4272: AssertionError
----------------------------- Captured stderr call -----------------------------
ERROR: usage: __main__.py [options] [file_or_dir] [file_or_dir] [...]
__main__.py: error: unrecognized arguments: --explain-deselections --explain-deselections-reasons-cap
  inifile: None
  rootdir: /tmp/pytest-of-root/pytest-2/test_explain_deselections_reasons_cap_negative_invalid0

____________ test_explain_deselections_json_pretty_has_indentation _____________

pytester = <Pytester PosixPath('/tmp/pytest-of-root/pytest-2/test_explain_deselections_json_pretty_has_indentation0')>

    def test_explain_deselections_json_pretty_has_indentation(pytester):
        pytester.makepyfile(
            test_jp1="""
            def test_keep(): pass
            def test_other(): pass
            """
        )
        out_file = pytester.path / "report.json"
        result = pytester.runpytest(
            "-q",
            "-k",
            "keep",
            "--explain-deselections",
            "--explain-deselections-output",
            str(out_file),
            "--explain-deselections-json-pretty",
        )
>       assert result.ret == 0
E       assert <ExitCode.USAGE_ERROR: 4> == 0
E        +  where <ExitCode.USAGE_ERROR: 4> = <RunResult ret=4 len(stdout.lines)=0 len(stderr.lines)=5 duration=0.01s>.ret

/app/testing/test_deselection_diagnostics.py:4292: AssertionError
----------------------------- Captured stderr call -----------------------------
ERROR: usage: __main__.py [options] [file_or_dir] [file_or_dir] [...]
__main__.py: error: unrecognized arguments: --explain-deselections --explain-deselections-output --explain-deselections-json-pretty
  inifile: None
  rootdir: /tmp/pytest-of-root/pytest-2/test_explain_deselections_json_pretty_has_indentation0

______________ test_explain_deselections_json_compact_by_default _______________

pytester = <Pytester PosixPath('/tmp/pytest-of-root/pytest-2/test_explain_deselections_json_compact_by_default0')>

    def test_explain_deselections_json_compact_by_default(pytester):
        pytester.makepyfile(
            test_jp2="""
            def test_keep(): pass
            def test_other(): pass
            """
        )
        out_file = pytester.path / "report.json"
        result = pytester.runpytest(
            "-q",
            "-k",
            "keep",
            "--explain-deselections",
            "--explain-deselections-output",
            str(out_file),
        )
>       assert result.ret == 0
E       assert <ExitCode.USAGE_ERROR: 4> == 0
E        +  where <ExitCode.USAGE_ERROR: 4> = <RunResult ret=4 len(stdout.lines)=0 len(stderr.lines)=5 duration=0.01s>.ret

/app/testing/test_deselection_diagnostics.py:4313: AssertionError
----------------------------- Captured stderr call -----------------------------
ERROR: usage: __main__.py [options] [file_or_dir] [file_or_dir] [...]
__main__.py: error: unrecognized arguments: --explain-deselections --explain-deselections-output
  inifile: None
  rootdir: /tmp/pytest-of-root/pytest-2/test_explain_deselections_json_compact_by_default0

_______________ test_explain_deselections_json_pretty_valid_json _______________

pytester = <Pytester PosixPath('/tmp/pytest-of-root/pytest-2/test_explain_deselections_json_pretty_valid_json0')>

    def test_explain_deselections_json_pretty_valid_json(pytester):
        pytester.makepyfile(
            test_jp3="""
            def test_keep(): pass
            def test_other(): pass
            """
        )
        out_file = pytester.path / "report.json"
        result = pytester.runpytest(
            "-q",
            "-k",
            "keep",
            "--explain-deselections",
            "--explain-deselections-output",
            str(out_file),
            "--explain-deselections-json-pretty",
        )
>       assert result.ret == 0
E       assert <ExitCode.USAGE_ERROR: 4> == 0
E        +  where <ExitCode.USAGE_ERROR: 4> = <RunResult ret=4 len(stdout.lines)=0 len(stderr.lines)=5 duration=0.01s>.ret

/app/testing/test_deselection_diagnostics.py:4336: AssertionError
----------------------------- Captured stderr call -----------------------------
ERROR: usage: __main__.py [options] [file_or_dir] [file_or_dir] [...]
__main__.py: error: unrecognized arguments: --explain-deselections --explain-deselections-output --explain-deselections-json-pretty
  inifile: None
  rootdir: /tmp/pytest-of-root/pytest-2/test_explain_deselections_json_pretty_valid_json0

____________ test_explain_deselections_show_stats_zero_deselections ____________

pytester = <Pytester PosixPath('/tmp/pytest-of-root/pytest-2/test_explain_deselections_show_stats_zero_deselections0')>

    def test_explain_deselections_show_stats_zero_deselections(pytester):
        pytester.makepyfile(
            test_ss4="""
            def test_a(): pass
            def test_b(): pass
            """
        )
        result = pytester.runpytest(
            "-q",
            "--explain-deselections",
            "--explain-deselections-show-stats",
        )
        out = result.stdout.str()
>       assert "Deselection statistics:" in out
E       AssertionError: assert 'Deselection statistics:' in ''

/app/testing/test_deselection_diagnostics.py:4355: AssertionError
----------------------------- Captured stderr call -----------------------------
ERROR: usage: __main__.py [options] [file_or_dir] [file_or_dir] [...]
__main__.py: error: unrecognized arguments: --explain-deselections --explain-deselections-show-stats
  inifile: None
  rootdir: /tmp/pytest-of-root/pytest-2/test_explain_deselections_show_stats_zero_deselections0

_____________ test_explain_deselections_reasons_cap_in_json_output _____________

pytester = <Pytester PosixPath('/tmp/pytest-of-root/pytest-2/test_explain_deselections_reasons_cap_in_json_output0')>

    def test_explain_deselections_reasons_cap_in_json_output(pytester):
        pytester.makepyfile(
            test_rcj="""
            def test_a(): pass
            def test_b(): pass
            def test_c(): pass
            """
        )
        out_file = pytester.path / "report.json"
        result = pytester.runpytest(
            "-q",
            "--deselect",
            "test_rcj.py::test_a",
            "--deselect",
            "test_rcj.py::test_b",
            "--deselect",
            "test_rcj.py::test_c",
            "--explain-deselections",
            "--explain-deselections-output",
            str(out_file),
            "--explain-deselections-reasons-cap",
            "2",
        )
>       assert out_file.exists()
E       AssertionError: assert False
E        +  where False = exists()
E        +    where exists = PosixPath('/tmp/pytest-of-root/pytest-2/test_explain_deselections_reasons_cap_in_json_output0/report.json').exists

/app/testing/test_deselection_diagnostics.py:4386: AssertionError
----------------------------- Captured stderr call -----------------------------
ERROR: usage: __main__.py [options] [file_or_dir] [file_or_dir] [...]
__main__.py: error: unrecognized arguments: --explain-deselections --explain-deselections-output --explain-deselections-reasons-cap
  inifile: None
  rootdir: /tmp/pytest-of-root/pytest-2/test_explain_deselections_reasons_cap_in_json_output0

_____________ test_explain_deselections_show_stats_min_and_median ______________

pytester = <Pytester PosixPath('/tmp/pytest-of-root/pytest-2/test_explain_deselections_show_stats_min_and_median0')>

    def test_explain_deselections_show_stats_min_and_median(pytester):
        pytester.makepyfile(
            test_ssm="""
            def test_keep(): pass
            def test_a(): pass
            def test_b(): pass
            def test_c(): pass
            """
        )
        result = pytester.runpytest(
            "-q",
            "-k",
            "keep",
            "--explain-deselections",
            "--explain-deselections-show-stats",
        )
        out = result.stdout.str()
>       assert "min per reason:" in out
E       AssertionError: assert 'min per reason:' in ''

/app/testing/test_deselection_diagnostics.py:4408: AssertionError
----------------------------- Captured stderr call -----------------------------
ERROR: usage: __main__.py [options] [file_or_dir] [file_or_dir] [...]
__main__.py: error: unrecognized arguments: --explain-deselections --explain-deselections-show-stats
  inifile: None
  rootdir: /tmp/pytest-of-root/pytest-2/test_explain_deselections_show_stats_min_and_median0

_______ test_explain_deselections_show_stats_improved_worsened_unchanged _______

pytester = <Pytester PosixPath('/tmp/pytest-of-root/pytest-2/test_explain_deselections_show_stats_improved_worsened_unchanged0')>

    def test_explain_deselections_show_stats_improved_worsened_unchanged(pytester):
        pytester.makepyfile(
            test_ssiw="""
            def test_keep(): pass
            def test_a(): pass
            """
        )
        baseline = {
            "schema_version": 1,
            "total_deselected": 1,
            "reasons": [{"reason": "-k keep", "count": 1, "nodeids": []}],
        }
        baseline_file = pytester.path / "baseline.json"
        baseline_file.write_text(json.dumps(baseline), encoding="utf-8")
        result = pytester.runpytest(
            "-q",
            "-k",
            "keep",
            "--explain-deselections",
            "--explain-deselections-baseline",
            str(baseline_file),
            "--explain-deselections-show-stats",
        )
        out = result.stdout.str()
>       assert "improved reasons:" in out
E       AssertionError: assert 'improved reasons:' in ''

/app/testing/test_deselection_diagnostics.py:4436: AssertionError
----------------------------- Captured stderr call -----------------------------
ERROR: usage: __main__.py [options] [file_or_dir] [file_or_dir] [...]
__main__.py: error: unrecognized arguments: --explain-deselections --explain-deselections-baseline --explain-deselections-show-stats
  inifile: None
  rootdir: /tmp/pytest-of-root/pytest-2/test_explain_deselections_show_stats_improved_worsened_unchanged0

_____ test_explain_deselections_show_stats_mixed_baseline_category_counts ______

pytester = <Pytester PosixPath('/tmp/pytest-of-root/pytest-2/test_explain_deselections_show_stats_mixed_baseline_category_counts0')>

    def test_explain_deselections_show_stats_mixed_baseline_category_counts(pytester):
        pytester.makepyfile(
            test_ssmix="""
            def test_new(): pass
            def test_improved(): pass
            class TestW:
                def test_a(self): pass
                def test_b(self): pass
            def test_unchanged(): pass
            def test_keep(): pass
            """
        )
        baseline = {
            "schema_version": 1,
            "total_deselected": 4,
            "reasons": [
                {"reason": "--deselect test_ssmix.py::test_improved", "count": 2, "nodeids": []},
                {"reason": "--deselect test_ssmix.py::TestW", "count": 1, "nodeids": []},
                {"reason": "--deselect test_ssmix.py::test_unchanged", "count": 1, "nodeids": []},
            ],
        }
        baseline_file = pytester.path / "baseline.json"
        baseline_file.write_text(json.dumps(baseline), encoding="utf-8")
        result = pytester.runpytest(
            "-q",
            "--deselect",
            "test_ssmix.py::test_new",
            "--deselect",
            "test_ssmix.py::test_improved",
            "--deselect",
            "test_ssmix.py::TestW",
            "--deselect",
            "test_ssmix.py::test_unchanged",
            "--explain-deselections",
            "--explain-deselections-baseline",
            str(baseline_file),
            "--explain-deselections-show-stats",
        )
        out = result.stdout.str()
>       assert re.search(r"new reasons:\s*1", out)
E       AssertionError: assert None
E        +  where None = <function search at 0x7effc30b0d60>('new reasons:\\s*1', '')
E        +    where <function search at 0x7effc30b0d60> = re.search

/app/testing/test_deselection_diagnostics.py:4480: AssertionError
----------------------------- Captured stderr call -----------------------------
ERROR: usage: __main__.py [options] [file_or_dir] [file_or_dir] [...]
__main__.py: error: unrecognized arguments: --explain-deselections --explain-deselections-baseline --explain-deselections-show-stats
  inifile: None
  rootdir: /tmp/pytest-of-root/pytest-2/test_explain_deselections_show_stats_mixed_baseline_category_counts0

______________ test_explain_deselections_junit_requires_junitxml _______________

pytester = <Pytester PosixPath('/tmp/pytest-of-root/pytest-2/test_explain_deselections_junit_requires_junitxml0')>

    def test_explain_deselections_junit_requires_junitxml(pytester):
        pytester.makepyfile(
            test_junitreq="""
            def test_keep(): pass
            def test_other(): pass
            """
        )
        result = pytester.runpytest(
            "-q",
            "-k",
            "keep",
            "--explain-deselections",
            "--explain-deselections-junit",
            "properties",
        )
        assert result.ret != 0
>       assert "requires --junitxml" in result.stderr.str()
E       AssertionError: assert 'requires --junitxml' in 'ERROR: usage: __main__.py [options] [file_or_dir] [file_or_dir] [...]\n__main__.py: error: unrecognized arguments: --...s-junit\n  inifile: None\n  rootdir: /tmp/pytest-of-root/pytest-2/test_explain_deselections_junit_requires_junitxml0\n'
E        +  where 'ERROR: usage: __main__.py [options] [file_or_dir] [file_or_dir] [...]\n__main__.py: error: unrecognized arguments: --...s-junit\n  inifile: None\n  rootdir: /tmp/pytest-of-root/pytest-2/test_explain_deselections_junit_requires_junitxml0\n' = str()
E        +    where str = <_pytest.pytester.LineMatcher object at 0x7effc18ed0d0>.str
E        +      where <_pytest.pytester.LineMatcher object at 0x7effc18ed0d0> = <RunResult ret=4 len(stdout.lines)=0 len(stderr.lines)=5 duration=0.01s>.stderr

/app/testing/test_deselection_diagnostics.py:4502: AssertionError
----------------------------- Captured stderr call -----------------------------
ERROR: usage: __main__.py [options] [file_or_dir] [file_or_dir] [...]
__main__.py: error: unrecognized arguments: --explain-deselections --explain-deselections-junit
  inifile: None
  rootdir: /tmp/pytest-of-root/pytest-2/test_explain_deselections_junit_requires_junitxml0

________ test_explain_deselections_multiple_sources_independent_counts _________

pytester = <Pytester PosixPath('/tmp/pytest-of-root/pytest-2/test_explain_deselections_multiple_sources_independent_counts0')>

    def test_explain_deselections_multiple_sources_independent_counts(pytester):
        pytester.makepyfile(
            test_msic="""
            import pytest
            def test_keep(): pass
            @pytest.mark.slow
            def test_slow(): pass
            def test_other(): pass
            def test_another(): pass
            """
        )
        out_file = pytester.path / "report.json"
        result = pytester.runpytest(
            "-q",
            "-k", "keep or slow",
            "-m", "not slow",
            "--explain-deselections",
            "--explain-deselections-output", str(out_file),
        )
>       assert result.ret == 0
E       assert <ExitCode.USAGE_ERROR: 4> == 0
E        +  where <ExitCode.USAGE_ERROR: 4> = <RunResult ret=4 len(stdout.lines)=0 len(stderr.lines)=5 duration=0.01s>.ret

/app/testing/test_deselection_diagnostics.py:4524: AssertionError
----------------------------- Captured stderr call -----------------------------
ERROR: usage: __main__.py [options] [file_or_dir] [file_or_dir] [...]
__main__.py: error: unrecognized arguments: --explain-deselections --explain-deselections-output
  inifile: None
  rootdir: /tmp/pytest-of-root/pytest-2/test_explain_deselections_multiple_sources_independent_counts0

____________ test_explain_deselections_markdown_verbose_truncation _____________

pytester = <Pytester PosixPath('/tmp/pytest-of-root/pytest-2/test_explain_deselections_markdown_verbose_truncation0')>

    def test_explain_deselections_markdown_verbose_truncation(pytester):
        pytester.makepyfile(
            test_mdvt="""
            def test_keep(): pass
            def test_a(): pass
            def test_b(): pass
            def test_c(): pass
            def test_d(): pass
            """
        )
        out_file = pytester.path / "report.md"
        result = pytester.runpytest(
            "-q",
            "-k",
            "keep",
            "--explain-deselections",
            "--explain-deselections-verbose",
            "--explain-deselections-max-nodeids",
            "2",
            "--explain-deselections-output",
            str(out_file),
        )
>       assert result.ret == 0
E       assert <ExitCode.USAGE_ERROR: 4> == 0
E        +  where <ExitCode.USAGE_ERROR: 4> = <RunResult ret=4 len(stdout.lines)=0 len(stderr.lines)=5 duration=0.01s>.ret

/app/testing/test_deselection_diagnostics.py:4555: AssertionError
----------------------------- Captured stderr call -----------------------------
ERROR: usage: __main__.py [options] [file_or_dir] [file_or_dir] [...]
__main__.py: error: unrecognized arguments: --explain-deselections --explain-deselections-verbose --explain-deselections-max-nodeids --explain-deselections-output
  inifile: None
  rootdir: /tmp/pytest-of-root/pytest-2/test_explain_deselections_markdown_verbose_truncation0

______________ test_explain_deselections_html_verbose_truncation _______________

pytester = <Pytester PosixPath('/tmp/pytest-of-root/pytest-2/test_explain_deselections_html_verbose_truncation0')>

    def test_explain_deselections_html_verbose_truncation(pytester):
        pytester.makepyfile(
            test_htmlvt="""
            def test_keep(): pass
            def test_a(): pass
            def test_b(): pass
            def test_c(): pass
            def test_d(): pass
            """
        )
        out_file = pytester.path / "report.html"
        result = pytester.runpytest(
            "-q",
            "-k",
            "keep",
            "--explain-deselections",
            "--explain-deselections-verbose",
            "--explain-deselections-max-nodeids",
            "2",
            "--explain-deselections-output",
            str(out_file),
        )
>       assert result.ret == 0
E       assert <ExitCode.USAGE_ERROR: 4> == 0
E        +  where <ExitCode.USAGE_ERROR: 4> = <RunResult ret=4 len(stdout.lines)=0 len(stderr.lines)=5 duration=0.01s>.ret

/app/testing/test_deselection_diagnostics.py:4582: AssertionError
----------------------------- Captured stderr call -----------------------------
ERROR: usage: __main__.py [options] [file_or_dir] [file_or_dir] [...]
__main__.py: error: unrecognized arguments: --explain-deselections --explain-deselections-verbose --explain-deselections-max-nodeids --explain-deselections-output
  inifile: None
  rootdir: /tmp/pytest-of-root/pytest-2/test_explain_deselections_html_verbose_truncation0

_____ test_explain_deselections_verbose_nodeids_order_sorted_outside_json ______

pytester = <Pytester PosixPath('/tmp/pytest-of-root/pytest-2/test_explain_deselections_verbose_nodeids_order_sorted_outside_json0')>

    def test_explain_deselections_verbose_nodeids_order_sorted_outside_json(pytester):
        pytester.makepyfile(
            test_vno="""
            def test_keep(): pass
            def test_c(): pass
            def test_a(): pass
            def test_b(): pass
            """
        )
        md_file = pytester.path / "report.md"
        html_file = pytester.path / "report.html"
        result = pytester.runpytest(
            "-q",
            "-k",
            "keep",
            "--explain-deselections",
            "--explain-deselections-verbose",
            "--explain-deselections-max-nodeids",
            "3",
            "--explain-deselections-nodeids-order",
            "sorted",
            "--explain-deselections-output",
            str(md_file),
            "--explain-deselections-output",
            str(html_file),
        )
>       assert result.ret == 0
E       assert <ExitCode.USAGE_ERROR: 4> == 0
E        +  where <ExitCode.USAGE_ERROR: 4> = <RunResult ret=4 len(stdout.lines)=0 len(stderr.lines)=5 duration=0.01s>.ret

/app/testing/test_deselection_diagnostics.py:4613: AssertionError
----------------------------- Captured stderr call -----------------------------
ERROR: usage: __main__.py [options] [file_or_dir] [file_or_dir] [...]
__main__.py: error: unrecognized arguments: --explain-deselections --explain-deselections-verbose --explain-deselections-max-nodeids --explain-deselections-nodeids-order --explain-deselections-output --explain-deselections-output
  inifile: None
  rootdir: /tmp/pytest-of-root/pytest-2/test_explain_deselections_verbose_nodeids_order_sorted_outside_json0

_______ test_explain_deselections_sort_by_delta_orders_json_csv_markdown _______

pytester = <Pytester PosixPath('/tmp/pytest-of-root/pytest-2/test_explain_deselections_sort_by_delta_orders_json_csv_markdown0')>

    def test_explain_deselections_sort_by_delta_orders_json_csv_markdown(pytester):
        pytester.makepyfile(
            test_sbd="""
            def test_keep(): pass
            def test_x1(): pass
            def test_x2(): pass
            def test_x3(): pass
            """
        )
        baseline = {
            "schema_version": 1,
            "total_deselected": 2,
            "reasons": [
                {"reason": "--deselect test_sbd.py::test_x1", "count": 1, "nodeids": []},
                {"reason": "-k keep", "count": 1, "nodeids": []},
            ],
        }
        baseline_file = pytester.path / "baseline.json"
        baseline_file.write_text(json.dumps(baseline), encoding="utf-8")
        json_out = pytester.path / "out.json"
        csv_out = pytester.path / "out.csv"
        md_out = pytester.path / "out.md"
        result = pytester.runpytest(
            "-q",
            "--deselect",
            "test_sbd.py::test_x1",
            "-k",
            "keep",
            "--explain-deselections",
            "--explain-deselections-baseline",
            str(baseline_file),
            "--explain-deselections-sort-by",
            "delta",
            "--explain-deselections-output",
            str(json_out),
            "--explain-deselections-output",
            str(csv_out),
            "--explain-deselections-output",
            str(md_out),
        )
>       assert result.ret == 0
E       assert <ExitCode.USAGE_ERROR: 4> == 0
E        +  where <ExitCode.USAGE_ERROR: 4> = <RunResult ret=4 len(stdout.lines)=0 len(stderr.lines)=5 duration=0.01s>.ret

/app/testing/test_deselection_diagnostics.py:4676: AssertionError
----------------------------- Captured stderr call -----------------------------
ERROR: usage: __main__.py [options] [file_or_dir] [file_or_dir] [...]
__main__.py: error: unrecognized arguments: --explain-deselections --explain-deselections-baseline --explain-deselections-sort-by --explain-deselections-output --explain-deselections-output --explain-deselections-output
  inifile: None
  rootdir: /tmp/pytest-of-root/pytest-2/test_explain_deselections_sort_by_delta_orders_json_csv_markdown0

_________ test_explain_deselections_show_total_unaffected_by_min_count _________

pytester = <Pytester PosixPath('/tmp/pytest-of-root/pytest-2/test_explain_deselections_show_total_unaffected_by_min_count0')>

    def test_explain_deselections_show_total_unaffected_by_min_count(pytester):
        pytester.makepyfile(
            test_stmc="""
            def test_keep(): pass
            def test_a(): pass
            def test_b(): pass
            """
        )
        result = pytester.runpytest(
            "-q",
            "-k",
            "keep",
            "--explain-deselections",
            "--explain-deselections-show-total",
            "--explain-deselections-min-count",
            "10",
        )
>       assert result.ret == 0
E       assert <ExitCode.USAGE_ERROR: 4> == 0
E        +  where <ExitCode.USAGE_ERROR: 4> = <RunResult ret=4 len(stdout.lines)=0 len(stderr.lines)=5 duration=0.01s>.ret

/app/testing/test_deselection_diagnostics.py:4713: AssertionError
----------------------------- Captured stderr call -----------------------------
ERROR: usage: __main__.py [options] [file_or_dir] [file_or_dir] [...]
__main__.py: error: unrecognized arguments: --explain-deselections --explain-deselections-show-total --explain-deselections-min-count
  inifile: None
  rootdir: /tmp/pytest-of-root/pytest-2/test_explain_deselections_show_total_unaffected_by_min_count0

___________ test_explain_deselections_reason_filter_applied_to_json ____________

pytester = <Pytester PosixPath('/tmp/pytest-of-root/pytest-2/test_explain_deselections_reason_filter_applied_to_json0')>

    def test_explain_deselections_reason_filter_applied_to_json(pytester):
        pytester.makepyfile(
            test_rfj="""
            def test_keep(): pass
            def test_a(): pass
            def test_b(): pass
            """
        )
        out_file = pytester.path / "rf.json"
        result = pytester.runpytest(
            "-q",
            "--deselect",
            "test_rfj.py::test_a",
            "-k",
            "keep",
            "--explain-deselections",
            "--explain-deselections-reason-filter",
            r"deselect",
            "--explain-deselections-format",
            "json",
            "--explain-deselections-output",
            str(out_file),
        )
>       assert result.ret == 0
E       assert <ExitCode.USAGE_ERROR: 4> == 0
E        +  where <ExitCode.USAGE_ERROR: 4> = <RunResult ret=4 len(stdout.lines)=0 len(stderr.lines)=5 duration=0.01s>.ret

/app/testing/test_deselection_diagnostics.py:4742: AssertionError
----------------------------- Captured stderr call -----------------------------
ERROR: usage: __main__.py [options] [file_or_dir] [file_or_dir] [...]
__main__.py: error: unrecognized arguments: --explain-deselections --explain-deselections-reason-filter --explain-deselections-format --explain-deselections-output
  inifile: None
  rootdir: /tmp/pytest-of-root/pytest-2/test_explain_deselections_reason_filter_applied_to_json0

__________ test_explain_deselections_fail_if_exceeds_uses_real_total ___________

pytester = <Pytester PosixPath('/tmp/pytest-of-root/pytest-2/test_explain_deselections_fail_if_exceeds_uses_real_total0')>

    def test_explain_deselections_fail_if_exceeds_uses_real_total(pytester):
        pytester.makepyfile(
            test_fieu="""
            def test_keep(): pass
            def test_a(): pass
            def test_b(): pass
            """
        )
        result = pytester.runpytest(
            "-q",
            "-k",
            "keep",
            "--explain-deselections",
            "--explain-deselections-fail-if-exceeds",
            "1",
            "--explain-deselections-min-count",
            "10",
        )
        assert result.ret != 0
>       assert "DESELECTION THRESHOLD EXCEEDED" in result.stdout.str()
E       AssertionError: assert 'DESELECTION THRESHOLD EXCEEDED' in ''
E        +  where '' = str()
E        +    where str = <_pytest.pytester.LineMatcher object at 0x7effc057a2a0>.str
E        +      where <_pytest.pytester.LineMatcher object at 0x7effc057a2a0> = <RunResult ret=4 len(stdout.lines)=0 len(stderr.lines)=5 duration=0.01s>.stdout

/app/testing/test_deselection_diagnostics.py:4768: AssertionError
----------------------------- Captured stderr call -----------------------------
ERROR: usage: __main__.py [options] [file_or_dir] [file_or_dir] [...]
__main__.py: error: unrecognized arguments: --explain-deselections --explain-deselections-fail-if-exceeds --explain-deselections-min-count
  inifile: None
  rootdir: /tmp/pytest-of-root/pytest-2/test_explain_deselections_fail_if_exceeds_uses_real_total0

_______ test_explain_deselections_update_baseline_removes_stale_reasons ________

pytester = <Pytester PosixPath('/tmp/pytest-of-root/pytest-2/test_explain_deselections_update_baseline_removes_stale_reasons0')>

    def test_explain_deselections_update_baseline_removes_stale_reasons(pytester):
        pytester.makepyfile(
            test_ubrs="""
            def test_keep(): pass
            def test_a(): pass
            """
        )
        old_baseline = {
            "schema_version": 1,
            "total_deselected": 5,
            "reasons": [
                {"reason": "-k keep", "count": 1, "nodeids": []},
                {"reason": "-k stale", "count": 4, "nodeids": []},
            ],
        }
        baseline_file = pytester.path / "baseline.json"
        baseline_file.write_text(json.dumps(old_baseline), encoding="utf-8")
        result = pytester.runpytest(
            "-q",
            "-k",
            "keep",
            "--explain-deselections",
            "--explain-deselections-baseline",
            str(baseline_file),
            "--explain-deselections-update-baseline",
        )
>       assert result.ret == 0
E       assert <ExitCode.USAGE_ERROR: 4> == 0
E        +  where <ExitCode.USAGE_ERROR: 4> = <RunResult ret=4 len(stdout.lines)=0 len(stderr.lines)=5 duration=0.01s>.ret

/app/testing/test_deselection_diagnostics.py:4797: AssertionError
----------------------------- Captured stderr call -----------------------------
ERROR: usage: __main__.py [options] [file_or_dir] [file_or_dir] [...]
__main__.py: error: unrecognized arguments: --explain-deselections --explain-deselections-baseline --explain-deselections-update-baseline
  inifile: None
  rootdir: /tmp/pytest-of-root/pytest-2/test_explain_deselections_update_baseline_removes_stale_reasons0

_____________ test_explain_deselections_show_stats_numeric_values ______________

pytester = <Pytester PosixPath('/tmp/pytest-of-root/pytest-2/test_explain_deselections_show_stats_numeric_values0')>

    def test_explain_deselections_show_stats_numeric_values(pytester):
        pytester.makepyfile(
            test_ssv="""
            import pytest
    
            @pytest.mark.slow
            def test_slow_1(): pass
            @pytest.mark.slow
            def test_slow_2(): pass
            @pytest.mark.slow
            def test_slow_3(): pass
            def test_fast_keep(): pass
            def test_fast_drop(): pass
            """
        )
        result = pytester.runpytest(
            "-q",
            "-m", "not slow",
            "--deselect", "test_ssv.py::test_fast_drop",
            "--explain-deselections",
            "--explain-deselections-show-stats",
        )
        import re
        out = result.stdout.str()
>       assert re.search(r"max per reason:\s*3", out)
E       AssertionError: assert None
E        +  where None = <function search at 0x7effc30b0d60>('max per reason:\\s*3', '')
E        +    where <function search at 0x7effc30b0d60> = <module 're' from '/usr/local/lib/python3.12/re/__init__.py'>.search

/app/testing/test_deselection_diagnostics.py:4828: AssertionError
----------------------------- Captured stderr call -----------------------------
ERROR: usage: __main__.py [options] [file_or_dir] [file_or_dir] [...]
__main__.py: error: unrecognized arguments: --explain-deselections --explain-deselections-show-stats
  inifile: None
  rootdir: /tmp/pytest-of-root/pytest-2/test_explain_deselections_show_stats_numeric_values0

_________ test_explain_deselections_baseline_json_numeric_delta_values _________

pytester = <Pytester PosixPath('/tmp/pytest-of-root/pytest-2/test_explain_deselections_baseline_json_numeric_delta_values0')>

    def test_explain_deselections_baseline_json_numeric_delta_values(pytester):
        pytester.makepyfile(
            test_bnv="""
            def test_keep(): pass
            def test_drop_1(): pass
            def test_drop_2(): pass
            """
        )
        baseline = {
            "schema_version": 1,
            "total_deselected": 1,
            "reasons": [{"reason": "-k keep", "count": 1, "nodeids": []}],
        }
        baseline_file = pytester.path / "baseline.json"
        baseline_file.write_text(json.dumps(baseline), encoding="utf-8")
        out = pytester.path / "report.json"
        result = pytester.runpytest(
            "-q", "-k", "keep",
            "--explain-deselections",
            "--explain-deselections-baseline", str(baseline_file),
            "--explain-deselections-output", str(out),
        )
>       assert result.ret == 0
E       assert <ExitCode.USAGE_ERROR: 4> == 0
E        +  where <ExitCode.USAGE_ERROR: 4> = <RunResult ret=4 len(stdout.lines)=0 len(stderr.lines)=5 duration=0.01s>.ret

/app/testing/test_deselection_diagnostics.py:4856: AssertionError
----------------------------- Captured stderr call -----------------------------
ERROR: usage: __main__.py [options] [file_or_dir] [file_or_dir] [...]
__main__.py: error: unrecognized arguments: --explain-deselections --explain-deselections-baseline --explain-deselections-output
  inifile: None
  rootdir: /tmp/pytest-of-root/pytest-2/test_explain_deselections_baseline_json_numeric_delta_values0

______ test_explain_deselections_baseline_negative_delta_in_json_and_csv _______

pytester = <Pytester PosixPath('/tmp/pytest-of-root/pytest-2/test_explain_deselections_baseline_negative_delta_in_json_and_csv0')>

    def test_explain_deselections_baseline_negative_delta_in_json_and_csv(pytester):
        pytester.makepyfile(
            test_bnd="""
            def test_keep(): pass
            def test_a(): pass
            """
        )
        baseline = {
            "schema_version": 1,
            "total_deselected": 3,
            "reasons": [{"reason": "-k keep", "count": 3, "nodeids": []}],
        }
        baseline_file = pytester.path / "baseline.json"
        baseline_file.write_text(json.dumps(baseline), encoding="utf-8")
        json_out = pytester.path / "report.json"
        csv_out = pytester.path / "report.csv"
        result = pytester.runpytest(
            "-q",
            "-k",
            "keep",
            "--explain-deselections",
            "--explain-deselections-baseline",
            str(baseline_file),
            "--explain-deselections-output",
            str(json_out),
            "--explain-deselections-output",
            str(csv_out),
            "--explain-deselections-csv-with-delta",
        )
>       assert result.ret == 0
E       assert <ExitCode.USAGE_ERROR: 4> == 0
E        +  where <ExitCode.USAGE_ERROR: 4> = <RunResult ret=4 len(stdout.lines)=0 len(stderr.lines)=5 duration=0.01s>.ret

/app/testing/test_deselection_diagnostics.py:4893: AssertionError
----------------------------- Captured stderr call -----------------------------
ERROR: usage: __main__.py [options] [file_or_dir] [file_or_dir] [...]
__main__.py: error: unrecognized arguments: --explain-deselections --explain-deselections-baseline --explain-deselections-output --explain-deselections-output --explain-deselections-csv-with-delta
  inifile: None
  rootdir: /tmp/pytest-of-root/pytest-2/test_explain_deselections_baseline_negative_delta_in_json_and_csv0

_____ test_explain_deselections_baseline_unchanged_and_improved_rendering ______

pytester = <Pytester PosixPath('/tmp/pytest-of-root/pytest-2/test_explain_deselections_baseline_unchanged_and_improved_rendering0')>

    def test_explain_deselections_baseline_unchanged_and_improved_rendering(pytester):
        pytester.makepyfile(
            test_ui="""
            def test_keep(): pass
            def test_a(): pass
            def test_b(): pass
            """
        )
        baseline = {
            "schema_version": 1,
            "total_deselected": 4,
            "reasons": [
                {"reason": "--deselect test_ui.py::test_a", "count": 1, "nodeids": []},
                {"reason": "--deselect test_ui.py::test_b", "count": 3, "nodeids": []},
            ],
        }
        baseline_file = pytester.path / "baseline.json"
        baseline_file.write_text(json.dumps(baseline), encoding="utf-8")
        md_file = pytester.path / "report.md"
        html_file = pytester.path / "report.html"
        result = pytester.runpytest(
            "-q",
            "--deselect", "test_ui.py::test_a",
            "--deselect", "test_ui.py::test_b",
            "--explain-deselections",
            "--explain-deselections-baseline", str(baseline_file),
            "--explain-deselections-output", str(md_file),
            "--explain-deselections-output", str(html_file),
        )
>       assert result.ret == 0
E       assert <ExitCode.USAGE_ERROR: 4> == 0
E        +  where <ExitCode.USAGE_ERROR: 4> = <RunResult ret=4 len(stdout.lines)=0 len(stderr.lines)=5 duration=0.01s>.ret

/app/testing/test_deselection_diagnostics.py:4936: AssertionError
----------------------------- Captured stderr call -----------------------------
ERROR: usage: __main__.py [options] [file_or_dir] [file_or_dir] [...]
__main__.py: error: unrecognized arguments: --explain-deselections --explain-deselections-baseline --explain-deselections-output --explain-deselections-output
  inifile: None
  rootdir: /tmp/pytest-of-root/pytest-2/test_explain_deselections_baseline_unchanged_and_improved_rendering0

__ test_explain_deselections_sort_by_delta_without_baseline_equals_count_sort __

pytester = <Pytester PosixPath('/tmp/pytest-of-root/pytest-2/test_explain_deselections_sort_by_delta_without_baseline_equals_count_sort0')>

    def test_explain_deselections_sort_by_delta_without_baseline_equals_count_sort(pytester):
        pytester.makepyfile(
            test_dltnobase="""
            def test_x1(): pass
            def test_x2(): pass
            def test_x3(): pass
            def test_keep(): pass
            """
        )
        result_count = pytester.runpytest(
            "-q",
            "-k", "keep",
            "--deselect", "test_dltnobase.py::test_x1",
            "--explain-deselections",
            "--explain-deselections-sort-by", "count",
        )
        result_delta = pytester.runpytest(
            "-q",
            "-k", "keep",
            "--deselect", "test_dltnobase.py::test_x1",
            "--explain-deselections",
            "--explain-deselections-sort-by", "delta",
        )
        count_out = result_count.stdout.str()
        delta_out = result_delta.stdout.str()
        k_idx_count = count_out.find("-k keep")
        k_idx_delta = delta_out.find("-k keep")
        deselect_idx_count = count_out.find("--deselect")
        deselect_idx_delta = delta_out.find("--deselect")
>       assert k_idx_count != -1 and deselect_idx_count != -1
E       assert (-1 != -1)

/app/testing/test_deselection_diagnostics.py:4977: AssertionError
----------------------------- Captured stderr call -----------------------------
ERROR: usage: __main__.py [options] [file_or_dir] [file_or_dir] [...]
__main__.py: error: unrecognized arguments: --explain-deselections --explain-deselections-sort-by
  inifile: None
  rootdir: /tmp/pytest-of-root/pytest-2/test_explain_deselections_sort_by_delta_without_baseline_equals_count_sort0

ERROR: usage: __main__.py [options] [file_or_dir] [file_or_dir] [...]
__main__.py: error: unrecognized arguments: --explain-deselections --explain-deselections-sort-by
  inifile: None
  rootdir: /tmp/pytest-of-root/pytest-2/test_explain_deselections_sort_by_delta_without_baseline_equals_count_sort0

____ test_explain_deselections_output_path_format_override_nonstandard_ext _____

pytester = <Pytester PosixPath('/tmp/pytest-of-root/pytest-2/test_explain_deselections_output_path_format_override_nonstandard_ext0')>

    def test_explain_deselections_output_path_format_override_nonstandard_ext(pytester):
        pytester.makepyfile(
            test_datjson="""
            def test_keep(): pass
            def test_other(): pass
            """
        )
        out = pytester.path / "report.dat"
        result = pytester.runpytest(
            "-q", "-k", "keep",
            "--explain-deselections",
            "--explain-deselections-output", str(out) + ":json",
        )
>       assert result.ret == 0
E       assert <ExitCode.USAGE_ERROR: 4> == 0
E        +  where <ExitCode.USAGE_ERROR: 4> = <RunResult ret=4 len(stdout.lines)=0 len(stderr.lines)=5 duration=0.01s>.ret

/app/testing/test_deselection_diagnostics.py:4995: AssertionError
----------------------------- Captured stderr call -----------------------------
ERROR: usage: __main__.py [options] [file_or_dir] [file_or_dir] [...]
__main__.py: error: unrecognized arguments: --explain-deselections --explain-deselections-output
  inifile: None
  rootdir: /tmp/pytest-of-root/pytest-2/test_explain_deselections_output_path_format_override_nonstandard_ext0

____ test_explain_deselections_invalid_format_token_not_treated_as_selector ____

pytester = <Pytester PosixPath('/tmp/pytest-of-root/pytest-2/test_explain_deselections_invalid_format_token_not_treated_as_selector0')>

    def test_explain_deselections_invalid_format_token_not_treated_as_selector(pytester):
        pytester.makepyfile(
            test_badtok="""
            def test_keep(): pass
            def test_other(): pass
            """
        )
        clean = pytester.path / "report.json"
        result = pytester.runpytest(
            "-q", "-k", "keep",
            "--explain-deselections",
            "--explain-deselections-output", str(clean) + ":bogus",
        )
>       assert "deselected by -k keep: 1" in result.stdout.str()
E       AssertionError: assert 'deselected by -k keep: 1' in ''
E        +  where '' = str()
E        +    where str = <_pytest.pytester.LineMatcher object at 0x7effc252a120>.str
E        +      where <_pytest.pytester.LineMatcher object at 0x7effc252a120> = <RunResult ret=4 len(stdout.lines)=0 len(stderr.lines)=5 duration=0.01s>.stdout

/app/testing/test_deselection_diagnostics.py:5013: AssertionError
----------------------------- Captured stderr call -----------------------------
ERROR: usage: __main__.py [options] [file_or_dir] [file_or_dir] [...]
__main__.py: error: unrecognized arguments: --explain-deselections --explain-deselections-output
  inifile: None
  rootdir: /tmp/pytest-of-root/pytest-2/test_explain_deselections_invalid_format_token_not_treated_as_selector0

_______ test_explain_deselections_unknown_token_kept_as_literal_filename _______

pytester = <Pytester PosixPath('/tmp/pytest-of-root/pytest-2/test_explain_deselections_unknown_token_kept_as_literal_filename0')>

    def test_explain_deselections_unknown_token_kept_as_literal_filename(pytester):
        pytester.makepyfile(
            test_badtok2="""
            def test_keep(): pass
            def test_other(): pass
            """
        )
        clean = pytester.path / "report.json"
        literal_path = pytester.path / "sub" / "report.json:bogus"
        result = pytester.runpytest(
            "-q", "-k", "keep",
            "--explain-deselections",
            "--explain-deselections-output", str(literal_path),
        )
>       assert result.ret == 0
E       assert <ExitCode.USAGE_ERROR: 4> == 0
E        +  where <ExitCode.USAGE_ERROR: 4> = <RunResult ret=4 len(stdout.lines)=0 len(stderr.lines)=5 duration=0.01s>.ret

/app/testing/test_deselection_diagnostics.py:5032: AssertionError
----------------------------- Captured stderr call -----------------------------
ERROR: usage: __main__.py [options] [file_or_dir] [file_or_dir] [...]
__main__.py: error: unrecognized arguments: --explain-deselections --explain-deselections-output
  inifile: None
  rootdir: /tmp/pytest-of-root/pytest-2/test_explain_deselections_unknown_token_kept_as_literal_filename0

___________ test_explain_deselections_stats_median_even_bucket_count ___________

pytester = <Pytester PosixPath('/tmp/pytest-of-root/pytest-2/test_explain_deselections_stats_median_even_bucket_count0')>

    def test_explain_deselections_stats_median_even_bucket_count(pytester):
        pytester.makepyfile(
            test_smev="""
            def test_keep(): pass
            class TestA:
                def test_1(self): pass
            class TestB:
                def test_1(self): pass
            class TestC:
                def test_1(self): pass
                def test_2(self): pass
            class TestD:
                def test_1(self): pass
                def test_2(self): pass
                def test_3(self): pass
                def test_4(self): pass
                def test_5(self): pass
                def test_6(self): pass
                def test_7(self): pass
                def test_8(self): pass
            """
        )
        result = pytester.runpytest(
            "-q",
            "--deselect", "test_smev.py::TestA",
            "--deselect", "test_smev.py::TestB",
            "--deselect", "test_smev.py::TestC",
            "--deselect", "test_smev.py::TestD",
            "--explain-deselections",
            "--explain-deselections-show-stats",
        )
        out = result.stdout.str()
>       assert re.search(r"distinct reasons:\s*4", out)
E       AssertionError: assert None
E        +  where None = <function search at 0x7effc30b0d60>('distinct reasons:\\s*4', '')
E        +    where <function search at 0x7effc30b0d60> = re.search

/app/testing/test_deselection_diagnostics.py:5071: AssertionError
----------------------------- Captured stderr call -----------------------------
ERROR: usage: __main__.py [options] [file_or_dir] [file_or_dir] [...]
__main__.py: error: unrecognized arguments: --explain-deselections --explain-deselections-show-stats
  inifile: None
  rootdir: /tmp/pytest-of-root/pytest-2/test_explain_deselections_stats_median_even_bucket_count0

___________ test_explain_deselections_min_count_filters_csv_md_html ____________

pytester = <Pytester PosixPath('/tmp/pytest-of-root/pytest-2/test_explain_deselections_min_count_filters_csv_md_html0')>

    def test_explain_deselections_min_count_filters_csv_md_html(pytester):
        pytester.makepyfile(
            test_mcfmt="""
            import pytest
    
            @pytest.mark.fast
            def test_fast(): pass
    
            def test_slow_1(): pass
            def test_slow_2(): pass
            def test_slow_3(): pass
            """
        )
        csv_out = pytester.path / "out.csv"
        md_out = pytester.path / "out.md"
        html_out = pytester.path / "out.html"
        result = pytester.runpytest(
            "-q",
            "-m",
            "fast",
            "--explain-deselections",
            "--explain-deselections-min-count",
            "5",
            "--explain-deselections-output",
            str(csv_out),
            "--explain-deselections-output",
            str(md_out),
            "--explain-deselections-output",
            str(html_out),
        )
>       assert result.ret == 0
E       assert <ExitCode.USAGE_ERROR: 4> == 0
E        +  where <ExitCode.USAGE_ERROR: 4> = <RunResult ret=4 len(stdout.lines)=0 len(stderr.lines)=5 duration=0.01s>.ret

/app/testing/test_deselection_diagnostics.py:5106: AssertionError
----------------------------- Captured stderr call -----------------------------
ERROR: usage: __main__.py [options] [file_or_dir] [file_or_dir] [...]
__main__.py: error: unrecognized arguments: --explain-deselections --explain-deselections-min-count --explain-deselections-output --explain-deselections-output --explain-deselections-output
  inifile: None
  rootdir: /tmp/pytest-of-root/pytest-2/test_explain_deselections_min_count_filters_csv_md_html0

_______ test_explain_deselections_sort_by_count_orders_json_csv_markdown _______

pytester = <Pytester PosixPath('/tmp/pytest-of-root/pytest-2/test_explain_deselections_sort_by_count_orders_json_csv_markdown0')>

    def test_explain_deselections_sort_by_count_orders_json_csv_markdown(pytester):
        pytester.makepyfile(
            test_sbfmt="""
            def test_keep(): pass
            def test_x1(): pass
            def test_x2(): pass
            def test_x3(): pass
            """
        )
        json_out = pytester.path / "out.json"
        csv_out = pytester.path / "out.csv"
        md_out = pytester.path / "out.md"
        result = pytester.runpytest(
            "-q",
            "--deselect",
            "test_sbfmt.py::test_x1",
            "-k",
            "keep",
            "--explain-deselections",
            "--explain-deselections-sort-by",
            "count",
            "--explain-deselections-output",
            str(json_out),
            "--explain-deselections-output",
            str(csv_out),
            "--explain-deselections-output",
            str(md_out),
        )
>       assert result.ret == 0
E       assert <ExitCode.USAGE_ERROR: 4> == 0
E        +  where <ExitCode.USAGE_ERROR: 4> = <RunResult ret=4 len(stdout.lines)=0 len(stderr.lines)=5 duration=0.01s>.ret

/app/testing/test_deselection_diagnostics.py:5145: AssertionError
----------------------------- Captured stderr call -----------------------------
ERROR: usage: __main__.py [options] [file_or_dir] [file_or_dir] [...]
__main__.py: error: unrecognized arguments: --explain-deselections --explain-deselections-sort-by --explain-deselections-output --explain-deselections-output --explain-deselections-output
  inifile: None
  rootdir: /tmp/pytest-of-root/pytest-2/test_explain_deselections_sort_by_count_orders_json_csv_markdown0

___ test_explain_deselections_junit_system_out_empty_when_nothing_deselected ___

pytester = <Pytester PosixPath('/tmp/pytest-of-root/pytest-2/test_explain_deselections_junit_system_out_empty_when_nothing_deselected0')>

    def test_explain_deselections_junit_system_out_empty_when_nothing_deselected(pytester):
        pytester.makepyfile(
            test_jseo="""
            def test_a(): pass
            """
        )
        xmlpath = pytester.path / "jseo.xml"
        result = pytester.runpytest(
            "--junitxml",
            str(xmlpath),
            "--explain-deselections",
            "--explain-deselections-junit",
            "system-out",
            "-q",
        )
>       assert result.ret == 0
E       assert <ExitCode.USAGE_ERROR: 4> == 0
E        +  where <ExitCode.USAGE_ERROR: 4> = <RunResult ret=4 len(stdout.lines)=0 len(stderr.lines)=5 duration=0.01s>.ret

/app/testing/test_deselection_diagnostics.py:5180: AssertionError
----------------------------- Captured stderr call -----------------------------
ERROR: usage: __main__.py [options] [file_or_dir] [file_or_dir] [...]
__main__.py: error: unrecognized arguments: --explain-deselections --explain-deselections-junit
  inifile: None
  rootdir: /tmp/pytest-of-root/pytest-2/test_explain_deselections_junit_system_out_empty_when_nothing_deselected0

____ test_explain_deselections_junit_system_out_empty_when_filter_hides_all ____

pytester = <Pytester PosixPath('/tmp/pytest-of-root/pytest-2/test_explain_deselections_junit_system_out_empty_when_filter_hides_all0')>

    def test_explain_deselections_junit_system_out_empty_when_filter_hides_all(pytester):
        pytester.makepyfile(
            test_jsfh="""
            def test_keep(): pass
            def test_drop(): pass
            """
        )
        xmlpath = pytester.path / "jsfh.xml"
        result = pytester.runpytest(
            "--junitxml",
            str(xmlpath),
            "--explain-deselections",
            "--explain-deselections-junit",
            "system-out",
            "--explain-deselections-reason-filter",
            r"^NOMATCH$",
            "-q",
            "-k",
            "keep",
        )
>       assert result.ret == 0
E       assert <ExitCode.USAGE_ERROR: 4> == 0
E        +  where <ExitCode.USAGE_ERROR: 4> = <RunResult ret=4 len(stdout.lines)=0 len(stderr.lines)=5 duration=0.01s>.ret

/app/testing/test_deselection_diagnostics.py:5213: AssertionError
----------------------------- Captured stderr call -----------------------------
ERROR: usage: __main__.py [options] [file_or_dir] [file_or_dir] [...]
__main__.py: error: unrecognized arguments: --explain-deselections --explain-deselections-junit --explain-deselections-reason-filter
  inifile: None
  rootdir: /tmp/pytest-of-root/pytest-2/test_explain_deselections_junit_system_out_empty_when_filter_hides_all0

_____ test_explain_deselections_reason_filter_applied_to_markdown_and_html _____

pytester = <Pytester PosixPath('/tmp/pytest-of-root/pytest-2/test_explain_deselections_reason_filter_applied_to_markdown_and_html0')>

    def test_explain_deselections_reason_filter_applied_to_markdown_and_html(pytester):
        pytester.makepyfile(
            test_rfmh="""
            def test_keep(): pass
            def test_a(): pass
            def test_b(): pass
            """
        )
        md_file = pytester.path / "rfmh.md"
        html_file = pytester.path / "rfmh.html"
        result = pytester.runpytest(
            "-q",
            "--deselect",
            "test_rfmh.py::test_a",
            "-k",
            "keep",
            "--explain-deselections",
            "--explain-deselections-reason-filter",
            r"deselect",
            "--explain-deselections-output",
            str(md_file),
            "--explain-deselections-output",
            str(html_file),
        )
>       assert result.ret == 0
E       assert <ExitCode.USAGE_ERROR: 4> == 0
E        +  where <ExitCode.USAGE_ERROR: 4> = <RunResult ret=4 len(stdout.lines)=0 len(stderr.lines)=5 duration=0.01s>.ret

/app/testing/test_deselection_diagnostics.py:5250: AssertionError
----------------------------- Captured stderr call -----------------------------
ERROR: usage: __main__.py [options] [file_or_dir] [file_or_dir] [...]
__main__.py: error: unrecognized arguments: --explain-deselections --explain-deselections-reason-filter --explain-deselections-output --explain-deselections-output
  inifile: None
  rootdir: /tmp/pytest-of-root/pytest-2/test_explain_deselections_reason_filter_applied_to_markdown_and_html0

______ test_explain_deselections_reasons_cap_applied_to_markdown_and_html ______

pytester = <Pytester PosixPath('/tmp/pytest-of-root/pytest-2/test_explain_deselections_reasons_cap_applied_to_markdown_and_html0')>

    def test_explain_deselections_reasons_cap_applied_to_markdown_and_html(pytester):
        pytester.makepyfile(
            test_rcmh="""
            def test_a(): pass
            def test_b(): pass
            def test_c(): pass
            """
        )
        md_file = pytester.path / "rcmh.md"
        html_file = pytester.path / "rcmh.html"
        result = pytester.runpytest(
            "-q",
            "--deselect",
            "test_rcmh.py::test_a",
            "--deselect",
            "test_rcmh.py::test_b",
            "--deselect",
            "test_rcmh.py::test_c",
            "--explain-deselections",
            "--explain-deselections-reasons-cap",
            "1",
            "--explain-deselections-output",
            str(md_file),
            "--explain-deselections-output",
            str(html_file),
        )
>       assert result.ret == ExitCode.NO_TESTS_COLLECTED
E       assert <ExitCode.USAGE_ERROR: 4> == <ExitCode.NO_TESTS_COLLECTED: 5>
E        +  where <ExitCode.USAGE_ERROR: 4> = <RunResult ret=4 len(stdout.lines)=0 len(stderr.lines)=5 duration=0.01s>.ret
E        +  and   <ExitCode.NO_TESTS_COLLECTED: 5> = ExitCode.NO_TESTS_COLLECTED

/app/testing/test_deselection_diagnostics.py:5285: AssertionError
----------------------------- Captured stderr call -----------------------------
ERROR: usage: __main__.py [options] [file_or_dir] [file_or_dir] [...]
__main__.py: error: unrecognized arguments: --explain-deselections --explain-deselections-reasons-cap --explain-deselections-output --explain-deselections-output
  inifile: None
  rootdir: /tmp/pytest-of-root/pytest-2/test_explain_deselections_reasons_cap_applied_to_markdown_and_html0

______ test_explain_deselections_show_stats_distinct_reasons_exact_value _______

pytester = <Pytester PosixPath('/tmp/pytest-of-root/pytest-2/test_explain_deselections_show_stats_distinct_reasons_exact_value0')>

    def test_explain_deselections_show_stats_distinct_reasons_exact_value(pytester):
        pytester.makepyfile(
            test_ssdr="""
            import pytest
    
            @pytest.mark.slow
            def test_slow(): pass
    
            def test_keep(): pass
    
            def test_drop_1(): pass
    
            def test_drop_2(): pass
            """
        )
        result = pytester.runpytest(
            "-q",
            "-m",
            "not slow",
            "-k",
            "keep or drop_1 or drop_2",
            "--deselect",
            "test_ssdr.py::test_drop_1",
            "--explain-deselections",
            "--explain-deselections-show-stats",
        )
        out = result.stdout.str()
>       assert re.search(r"distinct reasons:\s*2", out)
E       AssertionError: assert None
E        +  where None = <function search at 0x7effc30b0d60>('distinct reasons:\\s*2', '')
E        +    where <function search at 0x7effc30b0d60> = re.search

/app/testing/test_deselection_diagnostics.py:5319: AssertionError
----------------------------- Captured stderr call -----------------------------
ERROR: usage: __main__.py [options] [file_or_dir] [file_or_dir] [...]
__main__.py: error: unrecognized arguments: --explain-deselections --explain-deselections-show-stats
  inifile: None
  rootdir: /tmp/pytest-of-root/pytest-2/test_explain_deselections_show_stats_distinct_reasons_exact_value0

_________ test_explain_deselections_cross_format_consistent_reason_set _________

pytester = <Pytester PosixPath('/tmp/pytest-of-root/pytest-2/test_explain_deselections_cross_format_consistent_reason_set0')>

    def test_explain_deselections_cross_format_consistent_reason_set(pytester):
        pytester.makepyfile(
            test_xfmt="""
            def test_a(): pass
            def test_b(): pass
            def test_c(): pass
            def test_keep(): pass
            """
        )
        json_file = pytester.path / "out.json"
        csv_file = pytester.path / "out.csv"
        md_file = pytester.path / "out.md"
        html_file = pytester.path / "out.html"
        result = pytester.runpytest(
            "-q",
            "--deselect",
            "test_xfmt.py::test_a",
            "--deselect",
            "test_xfmt.py::test_b",
            "--deselect",
            "test_xfmt.py::test_c",
            "-k",
            "keep",
            "--explain-deselections",
            "--explain-deselections-reason-filter",
            r"deselect",
            "--explain-deselections-sort-by",
            "reason",
            "--explain-deselections-reasons-cap",
            "2",
            "--explain-deselections-output",
            str(json_file),
            "--explain-deselections-output",
            str(csv_file),
            "--explain-deselections-output",
            str(md_file),
            "--explain-deselections-output",
            str(html_file),
        )
>       assert result.ret == 0
E       assert <ExitCode.USAGE_ERROR: 4> == 0
E        +  where <ExitCode.USAGE_ERROR: 4> = <RunResult ret=4 len(stdout.lines)=0 len(stderr.lines)=5 duration=0.01s>.ret

/app/testing/test_deselection_diagnostics.py:5361: AssertionError
----------------------------- Captured stderr call -----------------------------
ERROR: usage: __main__.py [options] [file_or_dir] [file_or_dir] [...]
__main__.py: error: unrecognized arguments: --explain-deselections --explain-deselections-reason-filter --explain-deselections-sort-by --explain-deselections-reasons-cap --explain-deselections-output --explain-deselections-output --explain-deselections-output --explain-deselections-output
  inifile: None
  rootdir: /tmp/pytest-of-root/pytest-2/test_explain_deselections_cross_format_consistent_reason_set0

=========================== short test summary info ============================
FAILED testing/test_deselection_diagnostics.py::test_explain_deselections_k_and_deselect
FAILED testing/test_deselection_diagnostics.py::test_explain_deselections_deselect_multiple_prefixes
FAILED testing/test_deselection_diagnostics.py::test_explain_deselections_overlapping_deselect_prefixes_counted_once
FAILED testing/test_deselection_diagnostics.py::test_explain_deselections_cross_selector_overlap_precedence
FAILED testing/test_deselection_diagnostics.py::test_explain_deselections_deselect_takes_precedence_over_k
FAILED testing/test_deselection_diagnostics.py::test_explain_deselections_deselect_takes_precedence_over_m
FAILED testing/test_deselection_diagnostics.py::test_explain_deselections_marker
FAILED testing/test_deselection_diagnostics.py::test_explain_deselections_marker_with_k
FAILED testing/test_deselection_diagnostics.py::test_explain_deselections_all_deselected
FAILED testing/test_deselection_diagnostics.py::test_explain_deselections_off_by_default
FAILED testing/test_deselection_diagnostics.py::test_explain_deselections_no_deselections_no_lines
FAILED testing/test_deselection_diagnostics.py::test_explain_deselections_flag_only_has_no_effect_without_selectors
FAILED testing/test_deselection_diagnostics.py::test_explain_deselections_json_report_basic
FAILED testing/test_deselection_diagnostics.py::test_explain_deselections_json_nodeids_sampling
FAILED testing/test_deselection_diagnostics.py::test_explain_deselections_text_report_output_file
FAILED testing/test_deselection_diagnostics.py::test_explain_deselections_json_nodeids_sorted_order
FAILED testing/test_deselection_diagnostics.py::test_explain_deselections_json_requires_output
FAILED testing/test_deselection_diagnostics.py::test_explain_deselections_max_nodeids_negative_is_error
FAILED testing/test_deselection_diagnostics.py::test_explain_deselections_json_max_nodeids_zero_has_empty_nodeids
FAILED testing/test_deselection_diagnostics.py::test_explain_deselections_text_output_empty_when_no_deselections
FAILED testing/test_deselection_diagnostics.py::test_explain_deselections_json_output_empty_reasons_when_no_deselections
FAILED testing/test_deselection_diagnostics.py::test_explain_deselections_json_reasons_include_expected_entries
FAILED testing/test_deselection_diagnostics.py::test_explain_deselections_json_total_is_sum_of_counts
FAILED testing/test_deselection_diagnostics.py::test_explain_deselections_nodeids_order_encountered_is_deterministic
FAILED testing/test_deselection_diagnostics.py::test_explain_deselections_invalid_nodeids_order_is_usage_error
FAILED testing/test_deselection_diagnostics.py::test_explain_deselections_invalid_junit_mode_is_usage_error
FAILED testing/test_deselection_diagnostics.py::test_explain_deselections_invalid_format_is_usage_error
FAILED testing/test_deselection_diagnostics.py::test_explain_deselections_format_md_is_not_a_cli_choice
FAILED testing/test_deselection_diagnostics.py::test_explain_deselections_format_html_is_not_a_cli_choice
FAILED testing/test_deselection_diagnostics.py::test_explain_deselections_text_output_file_contains_deselection_lines
FAILED testing/test_deselection_diagnostics.py::test_explain_deselections_json_schema_has_expected_keys
FAILED testing/test_deselection_diagnostics.py::test_explain_deselections_json_schema_version_is_present_and_int
FAILED testing/test_deselection_diagnostics.py::test_explain_deselections_json_nodeids_respects_max_nodeids
FAILED testing/test_deselection_diagnostics.py::test_explain_deselections_text_output_multiple_lines_for_multiple_reasons
FAILED testing/test_deselection_diagnostics.py::test_explain_deselections_multiple_output_files_written
FAILED testing/test_deselection_diagnostics.py::test_explain_deselections_output_format_override_json_and_text
FAILED testing/test_deselection_diagnostics.py::test_explain_deselections_output_dash_writes_text_to_stdout
FAILED testing/test_deselection_diagnostics.py::test_explain_deselections_junit_properties_attached
FAILED testing/test_deselection_diagnostics.py::test_explain_deselections_junit_distinct_reasons_same_sanitized_key
FAILED testing/test_deselection_diagnostics.py::test_explain_deselections_junit_system_out_attached
FAILED testing/test_deselection_diagnostics.py::test_explain_deselections_junit_none_does_not_attach
FAILED testing/test_deselection_diagnostics.py::test_explain_deselections_json_output_to_stdout_only_is_usage_error
FAILED testing/test_deselection_diagnostics.py::test_explain_deselections_text_output_matches_terminal_lines_subset
FAILED testing/test_deselection_diagnostics.py::test_explain_deselections_json_nodeids_sorted_is_deterministic
FAILED testing/test_deselection_diagnostics.py::test_explain_deselections_text_output_is_deterministic
FAILED testing/test_deselection_diagnostics.py::test_explain_deselections_deselect_reason_appears_in_json
FAILED testing/test_deselection_diagnostics.py::test_explain_deselections_deselect_reason_appears_in_text_file
FAILED testing/test_deselection_diagnostics.py::test_explain_deselections_multiple_deselects_have_multiple_reasons
FAILED testing/test_deselection_diagnostics.py::test_explain_deselections_multiple_reasons_counts_are_positive
FAILED testing/test_deselection_diagnostics.py::test_explain_deselections_output_path_in_subdir
FAILED testing/test_deselection_diagnostics.py::test_explain_deselections_text_output_path_in_subdir
FAILED testing/test_deselection_diagnostics.py::test_explain_deselections_output_file_overwrites_previous
FAILED testing/test_deselection_diagnostics.py::test_explain_deselections_json_output_overwrites_previous
FAILED testing/test_deselection_diagnostics.py::test_explain_deselections_terminal_has_no_lines_when_disabled
FAILED testing/test_deselection_diagnostics.py::test_explain_deselections_terminal_has_lines_when_enabled
FAILED testing/test_deselection_diagnostics.py::test_explain_deselections_marker_reason_in_json
FAILED testing/test_deselection_diagnostics.py::test_explain_deselections_marker_reason_in_text
FAILED testing/test_deselection_diagnostics.py::test_explain_deselections_k_reason_in_json
FAILED testing/test_deselection_diagnostics.py::test_explain_deselections_text_output_contains_only_lines
FAILED testing/test_deselection_diagnostics.py::test_explain_deselections_text_output_has_one_line_for_single_reason
FAILED testing/test_deselection_diagnostics.py::test_explain_deselections_json_one_reason_for_single_selector
FAILED testing/test_deselection_diagnostics.py::test_explain_deselections_json_reason_field_nonempty
FAILED testing/test_deselection_diagnostics.py::test_explain_deselections_text_output_reason_field_nonempty
FAILED testing/test_deselection_diagnostics.py::test_explain_deselections_csv_format_has_header_and_rows
FAILED testing/test_deselection_diagnostics.py::test_explain_deselections_csv_quotes_reason_containing_comma
FAILED testing/test_deselection_diagnostics.py::test_explain_deselections_csv_format_requires_file_output
FAILED testing/test_deselection_diagnostics.py::test_explain_deselections_csv_format_with_path_override
FAILED testing/test_deselection_diagnostics.py::test_explain_deselections_csv_format_multiple_reasons
FAILED testing/test_deselection_diagnostics.py::test_explain_deselections_csv_stdout_is_error
FAILED testing/test_deselection_diagnostics.py::test_explain_deselections_min_count_filters_terminal
FAILED testing/test_deselection_diagnostics.py::test_explain_deselections_min_count_passes_at_threshold
FAILED testing/test_deselection_diagnostics.py::test_explain_deselections_min_count_suppresses_in_json
FAILED testing/test_deselection_diagnostics.py::test_explain_deselections_min_count_with_junit_total_preserved
FAILED testing/test_deselection_diagnostics.py::test_explain_deselections_min_count_total_preserved_in_json
FAILED testing/test_deselection_diagnostics.py::test_explain_deselections_min_count_below_one_is_error
FAILED testing/test_deselection_diagnostics.py::test_explain_deselections_min_count_negative_is_error
FAILED testing/test_deselection_diagnostics.py::test_explain_deselections_fail_if_exceeds_when_exceeded
FAILED testing/test_deselection_diagnostics.py::test_explain_deselections_fail_if_exceeds_when_not_exceeded
FAILED testing/test_deselection_diagnostics.py::test_explain_deselections_fail_if_exceeds_not_triggered_when_equal
FAILED testing/test_deselection_diagnostics.py::test_explain_deselections_fail_if_exceeds_zero_any_deselection_fails
FAILED testing/test_deselection_diagnostics.py::test_explain_deselections_fail_if_exceeds_negative_is_error
FAILED testing/test_deselection_diagnostics.py::test_explain_deselections_fail_if_exceeds_prints_exceeded_message
FAILED testing/test_deselection_diagnostics.py::test_explain_deselections_baseline_shows_delta_in_terminal
FAILED testing/test_deselection_diagnostics.py::test_explain_deselections_baseline_shows_new_for_unknown_reason
FAILED testing/test_deselection_diagnostics.py::test_explain_deselections_baseline_shows_delta_when_count_increased
FAILED testing/test_deselection_diagnostics.py::test_explain_deselections_baseline_json_has_delta_field
FAILED testing/test_deselection_diagnostics.py::test_explain_deselections_baseline_json_has_baseline_count_field
FAILED testing/test_deselection_diagnostics.py::test_explain_deselections_baseline_json_has_total_fields
FAILED testing/test_deselection_diagnostics.py::test_explain_deselections_baseline_nonexistent_file_is_error
FAILED testing/test_deselection_diagnostics.py::test_explain_deselections_baseline_invalid_json_is_error
FAILED testing/test_deselection_diagnostics.py::test_explain_deselections_update_baseline_malformed_existing_file_is_error
FAILED testing/test_deselection_diagnostics.py::test_explain_deselections_ini_enables_feature
FAILED testing/test_deselection_diagnostics.py::test_explain_deselections_ini_min_count_applied
FAILED testing/test_deselection_diagnostics.py::test_explain_deselections_ini_format_csv
FAILED testing/test_deselection_diagnostics.py::test_explain_deselections_ini_fail_if_exceeds
FAILED testing/test_deselection_diagnostics.py::test_explain_deselections_ini_max_nodeids
FAILED testing/test_deselection_diagnostics.py::test_explain_deselections_ini_nodeids_order_sorted
FAILED testing/test_deselection_diagnostics.py::test_explain_deselections_ini_junit_properties
FAILED testing/test_deselection_diagnostics.py::test_explain_deselections_ini_format_md_is_usage_error
FAILED testing/test_deselection_diagnostics.py::test_explain_deselections_ini_format_csv_requires_output
FAILED testing/test_deselection_diagnostics.py::test_explain_deselections_ini_only_format_md_is_usage_error
FAILED testing/test_deselection_diagnostics.py::test_explain_deselections_ini_only_format_csv_requires_output
FAILED testing/test_deselection_diagnostics.py::test_explain_deselections_verbose_shows_nodeids
FAILED testing/test_deselection_diagnostics.py::test_explain_deselections_verbose_truncation_indicator
FAILED testing/test_deselection_diagnostics.py::test_explain_deselections_whitespace_nodeid_recorded_verbatim
FAILED testing/test_deselection_diagnostics.py::test_explain_deselections_verbose_without_max_nodeids_lists_none
FAILED testing/test_deselection_diagnostics.py::test_explain_deselections_sort_by_count_descending
FAILED testing/test_deselection_diagnostics.py::test_explain_deselections_sort_by_count_tie_breaks_on_reason
FAILED testing/test_deselection_diagnostics.py::test_explain_deselections_sort_by_delta_tie_breaks_on_reason
FAILED testing/test_deselection_diagnostics.py::test_explain_deselections_sort_by_reason_alphabetical
FAILED testing/test_deselection_diagnostics.py::test_explain_deselections_sort_by_delta_with_baseline
FAILED testing/test_deselection_diagnostics.py::test_explain_deselections_fail_on_new_exits_nonzero
FAILED testing/test_deselection_diagnostics.py::test_explain_deselections_fail_on_new_passes_when_same_reasons
FAILED testing/test_deselection_diagnostics.py::test_explain_deselections_fail_on_new_requires_baseline
FAILED testing/test_deselection_diagnostics.py::test_explain_deselections_update_baseline_writes_file
FAILED testing/test_deselection_diagnostics.py::test_explain_deselections_update_baseline_creates_if_not_exists
FAILED testing/test_deselection_diagnostics.py::test_explain_deselections_update_baseline_requires_baseline
FAILED testing/test_deselection_diagnostics.py::test_explain_deselections_format_inferred_from_json_extension
FAILED testing/test_deselection_diagnostics.py::test_explain_deselections_format_inferred_from_csv_extension
FAILED testing/test_deselection_diagnostics.py::test_explain_deselections_explicit_format_overrides_extension
FAILED testing/test_deselection_diagnostics.py::test_explain_deselections_sort_by_invalid_choice
FAILED testing/test_deselection_diagnostics.py::test_explain_deselections_warn_if_exceeds_prints_warning
FAILED testing/test_deselection_diagnostics.py::test_explain_deselections_warn_if_exceeds_no_warning_when_under
FAILED testing/test_deselection_diagnostics.py::test_explain_deselections_warn_if_exceeds_not_triggered_when_equal
FAILED testing/test_deselection_diagnostics.py::test_explain_deselections_warn_if_exceeds_zero_warns_on_any
FAILED testing/test_deselection_diagnostics.py::test_explain_deselections_warn_if_exceeds_does_not_fail
FAILED testing/test_deselection_diagnostics.py::test_explain_deselections_warn_if_exceeds_negative_invalid
FAILED testing/test_deselection_diagnostics.py::test_explain_deselections_show_total_line
FAILED testing/test_deselection_diagnostics.py::test_explain_deselections_show_total_zero_deselections
FAILED testing/test_deselection_diagnostics.py::test_explain_deselections_reason_filter_matches
FAILED testing/test_deselection_diagnostics.py::test_explain_deselections_reason_filter_excludes_all
FAILED testing/test_deselection_diagnostics.py::test_explain_deselections_reason_filter_empty_shows_all
FAILED testing/test_deselection_diagnostics.py::test_explain_deselections_reason_filter_invalid_regex
FAILED testing/test_deselection_diagnostics.py::test_explain_deselections_markdown_output_contains_header
FAILED testing/test_deselection_diagnostics.py::test_explain_deselections_markdown_table_has_reason
FAILED testing/test_deselection_diagnostics.py::test_explain_deselections_markdown_renders_reason_with_ampersand
FAILED testing/test_deselection_diagnostics.py::test_explain_deselections_markdown_with_baseline_has_delta_column
FAILED testing/test_deselection_diagnostics.py::test_explain_deselections_markdown_explicit_format
FAILED testing/test_deselection_diagnostics.py::test_explain_deselections_markdown_explicit_format_token
FAILED testing/test_deselection_diagnostics.py::test_explain_deselections_markdown_extension_inferred
FAILED testing/test_deselection_diagnostics.py::test_explain_deselections_markdown_total_deselected_shown
FAILED testing/test_deselection_diagnostics.py::test_explain_deselections_html_output_is_valid_html
FAILED testing/test_deselection_diagnostics.py::test_explain_deselections_html_contains_reason
FAILED testing/test_deselection_diagnostics.py::test_explain_deselections_html_total_deselected_shown
FAILED testing/test_deselection_diagnostics.py::test_explain_deselections_html_escapes_ampersand_in_reason
FAILED testing/test_deselection_diagnostics.py::test_explain_deselections_html_explicit_format_overrides_extension
FAILED testing/test_deselection_diagnostics.py::test_explain_deselections_html_with_baseline_has_delta
FAILED testing/test_deselection_diagnostics.py::test_explain_deselections_json_no_nodeids_excludes_array
FAILED testing/test_deselection_diagnostics.py::test_explain_deselections_json_nodeids_present_by_default
FAILED testing/test_deselection_diagnostics.py::test_explain_deselections_csv_with_delta_adds_columns
FAILED testing/test_deselection_diagnostics.py::test_explain_deselections_csv_with_delta_row_values
FAILED testing/test_deselection_diagnostics.py::test_explain_deselections_csv_without_delta_has_two_columns
FAILED testing/test_deselection_diagnostics.py::test_explain_deselections_min_delta_filters_unchanged
FAILED testing/test_deselection_diagnostics.py::test_explain_deselections_min_delta_shows_changed
FAILED testing/test_deselection_diagnostics.py::test_explain_deselections_min_delta_negative_invalid
FAILED testing/test_deselection_diagnostics.py::test_explain_deselections_min_delta_requires_baseline
FAILED testing/test_deselection_diagnostics.py::test_explain_deselections_html_inferred_from_htm_extension
FAILED testing/test_deselection_diagnostics.py::test_explain_deselections_markdown_no_deselections_message
FAILED testing/test_deselection_diagnostics.py::test_explain_deselections_html_no_deselections_message
FAILED testing/test_deselection_diagnostics.py::test_explain_deselections_reason_filter_with_sort_by
FAILED testing/test_deselection_diagnostics.py::test_explain_deselections_warn_and_fail_both_trigger
FAILED testing/test_deselection_diagnostics.py::test_explain_deselections_show_total_with_baseline
FAILED testing/test_deselection_diagnostics.py::test_explain_deselections_markdown_verbose_nodeids_section
FAILED testing/test_deselection_diagnostics.py::test_explain_deselections_html_verbose_shows_nodeids
FAILED testing/test_deselection_diagnostics.py::test_explain_deselections_show_stats_prints_block
FAILED testing/test_deselection_diagnostics.py::test_explain_deselections_show_stats_includes_counts
FAILED testing/test_deselection_diagnostics.py::test_explain_deselections_show_stats_with_baseline
FAILED testing/test_deselection_diagnostics.py::test_explain_deselections_reasons_cap_limits_output
FAILED testing/test_deselection_diagnostics.py::test_explain_deselections_reasons_cap_zero_shows_all
FAILED testing/test_deselection_diagnostics.py::test_explain_deselections_reasons_cap_negative_invalid
FAILED testing/test_deselection_diagnostics.py::test_explain_deselections_json_pretty_has_indentation
FAILED testing/test_deselection_diagnostics.py::test_explain_deselections_json_compact_by_default
FAILED testing/test_deselection_diagnostics.py::test_explain_deselections_json_pretty_valid_json
FAILED testing/test_deselection_diagnostics.py::test_explain_deselections_show_stats_zero_deselections
FAILED testing/test_deselection_diagnostics.py::test_explain_deselections_reasons_cap_in_json_output
FAILED testing/test_deselection_diagnostics.py::test_explain_deselections_show_stats_min_and_median
FAILED testing/test_deselection_diagnostics.py::test_explain_deselections_show_stats_improved_worsened_unchanged
FAILED testing/test_deselection_diagnostics.py::test_explain_deselections_show_stats_mixed_baseline_category_counts
FAILED testing/test_deselection_diagnostics.py::test_explain_deselections_junit_requires_junitxml
FAILED testing/test_deselection_diagnostics.py::test_explain_deselections_multiple_sources_independent_counts
FAILED testing/test_deselection_diagnostics.py::test_explain_deselections_markdown_verbose_truncation
FAILED testing/test_deselection_diagnostics.py::test_explain_deselections_html_verbose_truncation
FAILED testing/test_deselection_diagnostics.py::test_explain_deselections_verbose_nodeids_order_sorted_outside_json
FAILED testing/test_deselection_diagnostics.py::test_explain_deselections_sort_by_delta_orders_json_csv_markdown
FAILED testing/test_deselection_diagnostics.py::test_explain_deselections_show_total_unaffected_by_min_count
FAILED testing/test_deselection_diagnostics.py::test_explain_deselections_reason_filter_applied_to_json
FAILED testing/test_deselection_diagnostics.py::test_explain_deselections_fail_if_exceeds_uses_real_total
FAILED testing/test_deselection_diagnostics.py::test_explain_deselections_update_baseline_removes_stale_reasons
FAILED testing/test_deselection_diagnostics.py::test_explain_deselections_show_stats_numeric_values
FAILED testing/test_deselection_diagnostics.py::test_explain_deselections_baseline_json_numeric_delta_values
FAILED testing/test_deselection_diagnostics.py::test_explain_deselections_baseline_negative_delta_in_json_and_csv
FAILED testing/test_deselection_diagnostics.py::test_explain_deselections_baseline_unchanged_and_improved_rendering
FAILED testing/test_deselection_diagnostics.py::test_explain_deselections_sort_by_delta_without_baseline_equals_count_sort
FAILED testing/test_deselection_diagnostics.py::test_explain_deselections_output_path_format_override_nonstandard_ext
FAILED testing/test_deselection_diagnostics.py::test_explain_deselections_invalid_format_token_not_treated_as_selector
FAILED testing/test_deselection_diagnostics.py::test_explain_deselections_unknown_token_kept_as_literal_filename
FAILED testing/test_deselection_diagnostics.py::test_explain_deselections_stats_median_even_bucket_count
FAILED testing/test_deselection_diagnostics.py::test_explain_deselections_min_count_filters_csv_md_html
FAILED testing/test_deselection_diagnostics.py::test_explain_deselections_sort_by_count_orders_json_csv_markdown
FAILED testing/test_deselection_diagnostics.py::test_explain_deselections_junit_system_out_empty_when_nothing_deselected
FAILED testing/test_deselection_diagnostics.py::test_explain_deselections_junit_system_out_empty_when_filter_hides_all
FAILED testing/test_deselection_diagnostics.py::test_explain_deselections_reason_filter_applied_to_markdown_and_html
FAILED testing/test_deselection_diagnostics.py::test_explain_deselections_reasons_cap_applied_to_markdown_and_html
FAILED testing/test_deselection_diagnostics.py::test_explain_deselections_show_stats_distinct_reasons_exact_value
FAILED testing/test_deselection_diagnostics.py::test_explain_deselections_cross_format_consistent_reason_set
205 failed in 10.07s
